Site,GH,ID,LENGTH,WIDTH,elongation,obj_length,X1,Y1,Z1,X2,Y2,Z2
HF,7a_Va_BEF7,672,,,,0.084,13.04,11.15,-3.14,12.96,11.13,-3.15
HF,7a_Va_BEF7,543,,,,0.029,13.62,11.22,-2.91,13.60,11.23,-2.92
HF,7a_Va_BEF7,583,,,,0.016,13.74,11.20,-2.85,13.73,11.18,-2.86
HF,7a_Va_BEF7,582,,,,0.033,13.71,11.20,-2.85,13.68,11.19,-2.87
HF,7a_Va_BEF7,574,,,,0.017,13.69,11.18,-2.88,13.68,11.16,-2.89
HF,7a_Va_BEF7,575,,,,0.023,13.71,11.23,-2.83,13.70,11.21,-2.84
HF,7a_Va_BEF7,576,,,,0.013,13.73,11.23,-2.83,13.72,11.22,-2.84
HF,7a_Va_BEF7,577,,,,0.015,13.73,11.23,-2.83,13.73,11.22,-2.84
HF,7a_Va_BEF7,584,,,,0.014,13.69,11.18,-2.88,13.69,11.16,-2.89
HF,7a_Va_BEF7,1062,,,,0.050,12.42,11.25,-3.24,12.44,11.21,-3.27
HF,7a_Va_BEF7,746,,,,0.018,12.57,11.35,-3.10,12.57,11.33,-3.14
HF,7a_Va_BEF7,740,,,,0.014,12.89,11.05,-3.15,12.88,11.06,-3.16
HF,7a_Va_BEF7,741,,,,0.030,12.63,11.19,-3.16,12.62,11.16,-3.18
HF,7a_Va_BEF7,742,,,,0.025,12.52,11.22,-3.18,12.54,11.22,-3.19
HF,7a_Va_BEF7,737,,,,0.016,12.79,11.26,-3.10,12.78,11.25,-3.11
HF,7a_Va_BEF7,747,,,,0.025,12.62,11.38,-3.08,12.60,11.37,-3.08
HF,7a_Va_BEF7,749,,,,0.027,12.69,11.40,-3.08,12.66,11.41,-3.09
HF,7a_Va_BEF7,751,,,,0.008,12.50,11.27,-3.18,12.50,11.28,-3.18
HF,7a_Va_BEF7,745,,,,0.016,12.63,11.29,-3.11,12.62,11.28,-3.15
HF,7a_Va_BEF7,732,,,,0.059,12.65,11.35,-3.08,12.65,11.41,-3.09
HF,7a_Va_BEF7,734,,,,0.024,12.73,11.39,-3.07,12.73,11.36,-3.08
HF,7a_Va_BEF7,630,,,,0.037,13.11,11.14,-3.21,13.15,11.14,-3.24
HF,7a_Va_BEF7,690,,,,0.026,12.73,11.30,-3.07,12.72,11.33,-3.07
HF,7a_Va_BEF7,1333,,,,0.005,12.29,11.12,-3.33,12.29,11.12,-3.35
HF,7a_Va_BEF7,1213,,,,0.022,12.79,11.04,-3.26,12.82,11.04,-3.26
HF,7a_Va_BEF7,994,,,,0.050,12.48,11.21,-3.24,12.43,11.20,-3.24
HF,7a_Va_BEF7,992,,,,0.051,12.87,11.19,-3.19,12.91,11.16,-3.21
HF,7a_Va_BEF7,1581,,,,0.023,12.23,11.00,-3.48,12.21,10.99,-3.49
HF,7a_Va_BEF7,1000,,,,0.047,12.52,11.21,-3.23,12.48,11.18,-3.23
HF,7a_Va_BEF7,1150,,,,0.009,12.59,11.20,-3.24,12.58,11.20,-3.26
HF,7a_Va_BEF7,1155,,,,0.035,12.60,11.15,-3.26,12.59,11.12,-3.28
HF,7a_Va_BEF7,1123,,,,0.060,12.45,11.16,-3.29,12.46,11.10,-3.30
HF,7a_Va_BEF7,570,,,,0.037,13.70,11.22,-2.85,13.67,11.20,-2.87
HF,7a_Va_BEF7,571,,,,0.020,13.67,11.18,-2.88,13.65,11.18,-2.90
HF,7a_Va_BEF7,548,,,,0.019,13.68,11.20,-2.86,13.66,11.20,-2.89
HF,7a_Va_BEF7,549,,,,0.022,13.69,11.24,-2.84,13.68,11.26,-2.85
HF,7a_Va_BEF7,550,,,,0.027,13.61,11.15,-2.95,13.64,11.13,-2.95
HF,7a_Va_BEF7,1569,,,,0.049,12.54,10.74,-3.46,12.50,10.72,-3.47
HF,7a_Va_BEF7,1574,,,,0.025,12.19,10.93,-3.30,12.16,10.94,-3.31
HF,7a_Va_BEF7,1603,,,,0.030,12.54,10.84,-3.50,12.51,10.84,-3.51
HF,7a_Va_BEF7,1606,,,,0.033,12.57,10.85,-3.51,12.53,10.84,-3.52
HF,7a_Va_BEF7,1269,,,,0.035,12.45,11.13,-3.30,12.42,11.12,-3.31
HF,7a_Va_BEF7,1837,,,,0.026,12.38,11.01,-3.44,12.39,10.99,-3.45
HF,7a_Va_BEF7,1848,,,,0.047,12.38,11.20,-3.45,12.43,11.20,-3.45
HF,7a_Va_BEF7,1604,,,,0.052,12.51,10.86,-3.51,12.45,10.85,-3.53
HF,7a_Va_BEF7,1611,,,,0.023,12.60,10.84,-3.46,12.58,10.84,-3.48
HF,7a_Va_BEF7,1608,,,,0.043,12.39,10.87,-3.55,12.35,10.85,-3.55
HF,7a_Va_BEF7,1607,,,,0.045,12.47,10.91,-3.51,12.44,10.88,-3.52
HF,7a_Va_BEF7,1584,,,,0.064,12.29,10.92,-3.47,12.23,10.90,-3.54
HF,7a_Va_BEF7,545,,,,0.019,13.63,11.17,-2.91,13.63,11.15,-2.92
HF,7a_Va_BEF7,1589,,,,0.043,12.39,10.89,-3.47,12.35,10.90,-3.49
HF,7a_Va_BEF7,546,,,,0.024,13.66,11.15,-2.91,13.64,11.16,-2.92
HF,7a_Va_BEF7,544,,,,0.024,13.64,11.18,-2.91,13.62,11.19,-2.91
HF,7a_Va_BEF7,1591,,,,0.044,12.26,10.94,-3.49,12.26,10.99,-3.47
HF,7a_Va_BEF7,1838,,,,0.017,12.22,11.02,-3.47,12.20,11.01,-3.48
HF,7a_Va_BEF7,1579,,,,0.032,12.24,11.00,-3.46,12.21,10.98,-3.47
HF,7a_Va_BEF7,547,,,,0.018,13.69,11.19,-2.86,13.67,11.20,-2.87
HF,7a_Va_BEF7,1601,,,,0.050,12.36,10.83,-3.52,12.41,10.82,-3.51
HF,7a_Va_BEF7,1847,,,,0.100,12.24,11.20,-3.47,12.31,11.12,-3.48
HF,7a_Va_BEF7,1577,,,,0.028,12.63,11.06,-3.29,12.65,11.04,-3.28
HF,7a_Va_BEF7,1572,,,,0.014,12.55,11.30,-3.31,12.55,11.29,-3.32
HF,7a_Va_BEF7,1661,,,,0.017,12.56,11.39,-3.34,12.55,11.38,-3.35
HF,7a_Va_BEF7,1659,,,,0.062,12.56,11.34,-3.32,12.50,11.36,-3.34
HF,7a_Va_BEF7,1413,,,,0.031,12.69,11.26,-3.27,12.67,11.24,-3.27
HF,7a_Va_BEF7,1415,,,,0.035,12.69,11.27,-3.26,12.66,11.29,-3.28
HF,7a_Va_BEF7,1624,,,,0.035,12.29,11.20,-3.39,12.28,11.17,-3.40
HF,7a_Va_BEF7,1623,,,,0.037,12.38,11.06,-3.37,12.34,11.06,-3.37
HF,7a_Va_BEF7,1621,,,,0.039,12.19,11.13,-3.41,12.18,11.10,-3.41
HF,7a_Va_BEF7,1620,,,,0.042,12.21,11.12,-3.41,12.19,11.08,-3.42
HF,7a_Va_BEF7,1625,,,,0.022,12.48,11.34,-3.35,12.49,11.33,-3.36
HF,7a_Va_BEF7,1628,,,,0.027,12.19,11.32,-3.42,12.21,11.30,-3.43
HF,7a_Va_BEF7,950,,,,0.026,12.39,11.25,-3.25,12.39,11.22,-3.26
HF,7a_Va_BEF7,867,,,,0.037,12.72,11.20,-3.20,12.71,11.17,-3.20
HF,7a_Va_BEF7,1462,,,,0.031,12.27,11.18,-3.34,12.25,11.20,-3.39
HF,7a_Va_BEF7,953,,,,0.017,12.49,11.23,-3.22,12.49,11.21,-3.23
HF,7a_Va_BEF7,876,,,,0.140,12.60,11.34,-3.17,12.65,11.21,-3.18
HF,7a_Va_BEF7,871,,,,0.019,12.53,11.25,-3.22,12.51,11.25,-3.22
HF,7a_Va_BEF7,873,,,,0.022,12.89,11.14,-3.19,12.88,11.16,-3.20
HF,7a_Va_BEF7,874,,,,0.020,12.58,11.32,-3.18,12.59,11.30,-3.19
HF,7a_Va_BEF7,877,,,,0.082,12.58,11.34,-3.17,12.62,11.26,-3.19
HF,7a_Va_BEF7,878,,,,0.015,12.51,11.44,-3.16,12.51,11.43,-3.17
HF,7a_Va_BEF7,879,,,,0.007,12.53,11.20,-3.19,12.53,11.21,-3.22
HF,7a_Va_BEF7,875,,,,0.034,12.61,11.27,-3.18,12.63,11.24,-3.19
HF,7a_Va_BEF7,1536,,,,0.013,12.22,11.16,-3.38,12.23,11.15,-3.41
HF,7a_Va_BEF7,1534,,,,0.040,12.29,11.18,-3.36,12.32,11.16,-3.38
HF,7a_Va_BEF7,1539,,,,0.006,12.28,11.20,-3.37,12.28,11.20,-3.39
HF,7a_Va_BEF7,1538,,,,0.046,12.17,11.18,-3.41,12.22,11.18,-3.40
HF,7a_Va_BEF7,700,,,,0.032,13.00,11.09,-3.26,13.03,11.08,-3.27
HF,7a_Va_BEF7,1812,,,,0.061,12.37,11.14,-3.41,12.34,11.09,-3.43
HF,7a_Va_BEF7,778,,,,0.036,12.57,11.24,-3.16,12.56,11.20,-3.18
HF,7a_Va_BEF7,779,,,,0.016,12.64,11.15,-3.19,12.64,11.13,-3.21
HF,7a_Va_BEF7,780,,,,0.024,12.67,11.19,-3.17,12.67,11.16,-3.18
HF,7a_Va_BEF7,781,,,,0.022,12.68,11.13,-3.19,12.70,11.11,-3.20
HF,7a_Va_BEF7,783,,,,0.006,12.78,11.04,-3.15,12.77,11.04,-3.20
HF,7a_Va_BEF7,1358,,,,0.042,12.83,11.17,-3.25,12.79,11.15,-3.26
HF,7a_Va_BEF7,754,,,,0.014,12.67,11.30,-3.08,12.68,11.30,-3.08
HF,7a_Va_BEF7,785,,,,0.009,12.89,11.04,-3.18,12.89,11.03,-3.24
HF,7a_Va_BEF7,784,,,,0.013,12.83,11.03,-3.17,12.84,11.04,-3.22
HF,7a_Va_BEF7,798,,,,0.021,12.60,11.17,-3.18,12.62,11.18,-3.21
HF,7a_Va_BEF7,1383,,,,0.002,12.33,11.11,-3.34,12.33,11.11,-3.36
HF,7a_Va_BEF7,786,,,,0.026,12.84,11.10,-3.18,12.86,11.12,-3.19
HF,7a_Va_BEF7,787,,,,0.015,12.89,11.14,-3.17,12.90,11.14,-3.19
HF,7a_Va_BEF7,788,,,,0.014,12.90,11.10,-3.17,12.91,11.09,-3.19
HF,7a_Va_BEF7,789,,,,0.017,12.94,11.11,-3.18,12.95,11.10,-3.19
HF,7a_Va_BEF7,791,,,,0.134,12.57,11.41,-3.12,12.63,11.29,-3.14
HF,7a_Va_BEF7,792,,,,0.028,12.64,11.26,-3.16,12.64,11.24,-3.18
HF,7a_Va_BEF7,793,,,,0.014,12.48,11.28,-3.18,12.49,11.29,-3.19
HF,7a_Va_BEF7,794,,,,0.024,12.50,11.26,-3.18,12.52,11.28,-3.18
HF,7a_Va_BEF7,795,,,,0.025,12.42,11.23,-3.23,12.44,11.24,-3.23
HF,7a_Va_BEF7,1051,,,,0.041,12.50,11.21,-3.25,12.49,11.17,-3.26
HF,7a_Va_BEF7,1732,,,,0.029,12.50,11.27,-3.35,12.52,11.26,-3.35
HF,7a_Va_BEF7,1709,,,,0.068,12.26,11.23,-3.43,12.29,11.17,-3.42
HF,7a_Va_BEF7,1726,,,,0.033,12.87,11.19,-3.30,12.90,11.18,-3.31
HF,7a_Va_BEF7,1733,,,,0.040,12.49,11.25,-3.37,12.53,11.24,-3.36
HF,7a_Va_BEF7,1706,,,,0.061,12.23,11.22,-3.42,12.28,11.19,-3.42
HF,7a_Va_BEF7,1705,,,,0.015,12.19,11.12,-3.42,12.18,11.11,-3.44
HF,7a_Va_BEF7,1704,,,,0.033,12.18,11.12,-3.42,12.22,11.12,-3.44
HF,7a_Va_BEF7,1702,,,,0.054,12.48,11.14,-3.37,12.44,11.10,-3.38
HF,7a_Va_BEF7,1772,,,,0.034,12.21,11.19,-3.48,12.21,11.16,-3.48
HF,7a_Va_BEF7,1386,,,,0.022,12.16,11.23,-3.34,12.16,11.25,-3.39
HF,7a_Va_BEF7,1384,,,,0.013,12.31,11.18,-3.33,12.32,11.17,-3.34
HF,7a_Va_BEF7,1054,,,,0.032,12.43,11.36,-3.24,12.43,11.33,-3.24
HF,7a_Va_BEF7,1784,,,,0.058,12.68,11.26,-3.38,12.74,11.25,-3.37
HF,7a_Va_BEF7,1385,,,,0.031,12.21,11.24,-3.37,12.20,11.27,-3.38
HF,7a_Va_BEF7,1771,,,,0.033,12.23,11.10,-3.46,12.22,11.13,-3.48
HF,7a_Va_BEF7,1770,,,,0.013,12.30,11.21,-3.45,12.32,11.20,-3.46
HF,7a_Va_BEF7,1769,,,,0.040,12.28,11.22,-3.46,12.31,11.19,-3.45
HF,7a_Va_BEF7,1768,,,,0.006,12.10,11.33,-3.52,12.10,11.34,-3.53
HF,7a_Va_BEF7,1767,,,,0.054,12.10,11.32,-3.52,12.15,11.35,-3.52
HF,7a_Va_BEF7,1765,,,,0.032,12.34,11.05,-3.44,12.36,11.02,-3.44
HF,7a_Va_BEF7,1735,,,,0.054,11.90,11.00,-3.65,11.85,10.98,-3.67
HF,7a_Va_BEF7,1083,,,,0.025,11.94,11.05,-3.59,11.94,11.03,-3.60
HF,7_IV_BEF6,2212,,,,0.056,10.55,9.10,-3.46,10.51,9.07,-3.46
HF,7_IV_BEF6,2197,,,,0.069,10.13,9.22,-3.42,10.20,9.24,-3.43
HF,7_IV_BEF6,2643,,,,0.249,10.19,9.27,-3.55,9.95,9.31,-3.56
HF,7_IV_BEF6,2215,,,,0.041,10.50,9.36,-3.53,10.47,9.39,-3.53
HF,7_IV_BEF6,2224,,,,0.040,10.58,9.10,-3.49,10.62,9.11,-3.53
HF,7_IV_BEF6,2233,,,,0.004,10.11,9.17,-3.41,10.10,9.17,-3.48
HF,7_IV_BEF6,2205,,,,0.070,10.67,9.39,-3.53,10.60,9.37,-3.57
HF,7_IV_BEF6,2611,,,,0.027,10.15,9.07,-3.60,10.15,9.09,-3.60
HF,7_IV_BEF6,2219,,,,0.028,10.74,9.08,-3.51,10.75,9.10,-3.56
HF,7_IV_BEF6,2204,,,,0.015,10.58,9.36,-3.51,10.57,9.37,-3.58
HF,7_IV_BEF6,2694,,,,0.045,10.35,9.34,-3.69,10.36,9.38,-3.71
HF,7_IV_BEF6,2703,,,,0.036,10.18,9.27,-3.69,10.18,9.31,-3.70
HF,7_IV_BEF6,2704,,,,0.040,10.04,9.33,-3.71,10.06,9.37,-3.70
HF,7_IV_BEF6,2278,,,,0.037,10.05,9.18,-3.46,10.03,9.20,-3.49
HF,7_IV_BEF6,2341,,,,0.097,10.68,9.18,-3.61,10.67,9.08,-3.60
HF,7_IV_BEF6,2387,,,,0.074,10.44,9.41,-3.57,10.51,9.43,-3.57
HF,7_IV_BEF6,2386,,,,0.028,10.77,9.15,-3.63,10.76,9.17,-3.64
HF,7_IV_BEF6,2380,,,,0.031,10.09,9.20,-3.56,10.09,9.23,-3.57
HF,7_IV_BEF6,2377,,,,0.020,10.17,9.11,-3.51,10.16,9.13,-3.56
HF,7_IV_BEF6,2397,,,,0.040,10.06,9.17,-3.55,10.04,9.20,-3.57
HF,7_IV_BEF6,2396,,,,0.004,10.12,9.27,-3.55,10.12,9.28,-3.58
HF,7_IV_BEF6,2393,,,,0.023,10.60,9.10,-3.64,10.61,9.08,-3.64
HF,7_IV_BEF6,2362,,,,0.009,10.41,9.15,-3.55,10.41,9.16,-3.61
HF,7_IV_BEF6,2345,,,,0.140,10.61,9.29,-3.61,10.69,9.17,-3.61
HF,7_IV_BEF6,2344,,,,0.064,10.68,9.19,-3.60,10.62,9.20,-3.62
HF,7_IV_BEF6,2456,,,,0.028,10.42,9.29,-3.62,10.43,9.27,-3.63
HF,7_IV_BEF6,2540,,,,0.043,10.12,9.06,-3.57,10.10,9.10,-3.59
HF,7_IV_BEF6,2511,,,,0.063,10.10,9.34,-3.63,10.05,9.38,-3.65
HF,7_IV_BEF6,2546,,,,0.032,10.03,9.19,-3.62,10.06,9.17,-3.62
HF,7_IV_BEF6,2451,,,,0.054,10.02,9.28,-3.61,10.00,9.33,-3.63
HF,7_IV_BEF6,2447,,,,0.062,10.02,9.17,-3.59,10.07,9.15,-3.59
HF,7_IV_BEF6,2445,,,,0.023,10.15,9.35,-3.58,10.17,9.35,-3.60
HF,7_IV_BEF6,2440,,,,0.013,10.16,9.27,-3.59,10.16,9.28,-3.63
HF,7_IV_BEF6,2294,,,,0.005,10.65,9.40,-3.61,10.65,9.40,-3.63
HF,7_IV_BEF6,2293,,,,0.051,10.63,9.37,-3.62,10.58,9.38,-3.62
HF,7_IV_BEF6,2292,,,,0.026,10.62,9.10,-3.57,10.62,9.13,-3.58
HF,7_IV_BEF6,2289,,,,0.061,10.67,9.16,-3.59,10.67,9.22,-3.59
HF,7_IV_BEF6,2288,,,,0.040,10.63,9.15,-3.58,10.64,9.11,-3.57
HF,7_IV_BEF6,2299,,,,0.017,10.55,9.14,-3.56,10.57,9.13,-3.61
HF,7_IV_BEF6,2287,,,,0.025,10.54,9.25,-3.57,10.56,9.23,-3.58
HF,7_IV_BEF6,2254,,,,0.215,10.64,9.10,-3.54,10.57,9.30,-3.57
HF,7_IV_BEF6,2317,,,,0.018,10.34,9.29,-3.56,10.32,9.29,-3.60
HF,7_IV_BEF6,2338,,,,0.056,10.51,9.17,-3.57,10.56,9.14,-3.60
HF,7_IV_BEF6,2368,,,,0.082,10.47,9.09,-3.58,10.41,9.15,-3.59
HF,7_IV_BEF6,2297,,,,0.063,10.66,9.37,-3.62,10.59,9.39,-3.66
HF,7_IV_BEF6,2264,,,,0.028,10.24,9.31,-3.51,10.23,9.33,-3.54
HF,7_IV_BEF6,2305,,,,0.037,10.10,9.15,-3.47,10.06,9.14,-3.49
HF,7_IV_BEF6,2321,,,,0.022,10.05,9.28,-3.52,10.07,9.29,-3.53
HF,7_IV_BEF6,2291,,,,0.121,10.82,9.28,-3.56,10.75,9.38,-3.67
HF,7_IV_BEF6,2301,,,,0.030,10.53,9.24,-3.60,10.54,9.21,-3.60
HF,7_IV_BEF6,2318,,,,0.026,10.46,9.12,-3.55,10.45,9.14,-3.58
HF,7_IV_BEF6,2922,,,,0.042,10.16,9.96,-3.92,10.12,9.96,-3.94
HF,7_IV_BEF6,2947,,,,0.061,10.21,9.49,-3.83,10.16,9.51,-3.87
HF,7_IV_BEF6,2951,,,,0.031,10.14,9.75,-3.92,10.12,9.74,-3.95
HF,7_IV_BEF6,2901,,,,0.039,10.10,9.62,-3.83,10.08,9.65,-3.89
HF,7_IV_BEF6,2884,,,,0.045,10.07,9.38,-3.79,10.05,9.42,-3.81
HF,7_IV_BEF6,2913,,,,0.028,10.14,9.31,-3.77,10.15,9.28,-3.79
HF,7_IV_BEF6,2824,,,,0.046,10.23,9.14,-3.66,10.24,9.19,-3.69
HF,7_IV_BEF6,2826,,,,0.035,10.10,9.35,-3.74,10.09,9.38,-3.77
HF,7_IV_BEF6,2866,,,,0.025,10.07,9.45,-3.80,10.07,9.47,-3.80
HF,7_IV_BEF6,2874,,,,0.045,10.28,9.55,-3.78,10.29,9.50,-3.79
HF,7_IV_BEF6,2893,,,,0.040,10.11,9.90,-3.92,10.13,9.86,-3.92
HF,7_IV_BEF6,2938,,,,0.059,10.30,9.60,-3.83,10.29,9.66,-3.87
HF,7_IV_BEF6,2714,,,,0.040,10.40,9.58,-3.72,10.44,9.59,-3.73
HF,7_IV_BEF6,2752,,,,0.043,10.07,9.43,-3.72,10.09,9.39,-3.72
HF,7_IV_BEF6,2758,,,,0.030,10.35,9.49,-3.72,10.32,9.48,-3.73
HF,7_IV_BEF6,2759,,,,0.035,10.22,9.44,-3.74,10.19,9.45,-3.75
HF,7_IV_BEF6,2768,,,,0.058,10.01,9.50,-3.78,10.02,9.56,-3.79
HF,7_IV_BEF6,2777,,,,0.072,10.38,9.61,-3.75,10.45,9.61,-3.78
HF,7_IV_BEF6,2781,,,,0.050,10.24,9.65,-3.79,10.19,9.64,-3.81
HF,7_IV_BEF6,2805,,,,0.032,10.03,9.53,-3.82,10.03,9.56,-3.82
HF,7_IV_BEF6,2822,,,,0.042,10.32,9.75,-3.82,10.33,9.79,-3.83
HF,7_IV_BEF6,2823,,,,0.043,10.29,9.82,-3.80,10.25,9.79,-3.85
HF,7_IV_BEF6,2974,,,,0.048,10.31,9.64,-3.87,10.30,9.69,-3.90
HF,7aa_Vaa_BEF16,2766,,,,0.065,11.08,10.87,-4.11,11.02,10.89,-4.12
HF,7aa_Vaa_BEF16,1944,,,,0.031,11.05,11.05,-4.11,11.07,11.03,-4.13
HF,7aa_Vaa_BEF16,1943,,,,0.060,11.09,11.09,-4.13,11.04,11.11,-4.14
HF,7aa_Vaa_BEF16,1486,,,,0.019,11.26,9.76,-3.90,11.24,9.77,-3.92
HF,7aa_Vaa_BEF16,1508,,,,0.079,11.16,9.99,-3.93,11.20,9.92,-3.94
HF,7aa_Vaa_BEF16,1510,,,,0.047,11.40,9.60,-3.88,11.44,9.57,-3.87
HF,7aa_Vaa_BEF16,1961,,,,0.048,10.99,11.10,-4.16,11.04,11.10,-4.17
HF,7aa_Vaa_BEF16,1511,,,,0.035,11.44,9.56,-3.87,11.40,9.57,-3.88
HF,7aa_Vaa_BEF16,2638,,,,0.031,11.81,10.94,-3.93,11.78,10.94,-3.93
HF,7aa_Vaa_BEF16,1916,,,,0.036,11.35,11.05,-4.04,11.39,11.04,-4.04
HF,7aa_Vaa_BEF16,2641,,,,0.071,11.98,10.80,-3.91,11.91,10.78,-3.91
HF,7aa_Vaa_BEF16,2696,,,,0.078,11.20,11.03,-4.07,11.19,10.95,-4.07
HF,7aa_Vaa_BEF16,1895,,,,0.024,11.67,11.03,-3.97,11.66,11.01,-4.00
HF,7aa_Vaa_BEF16,2656,,,,0.087,11.59,10.82,-3.99,11.52,10.77,-4.03
HF,7aa_Vaa_BEF16,2654,,,,0.046,11.81,10.82,-3.94,11.77,10.82,-3.96
HF,7aa_Vaa_BEF16,1910,,,,0.057,11.70,10.79,-3.70,11.64,10.77,-3.72
HF,7aa_Vaa_BEF16,2639,,,,0.022,11.69,10.84,-3.95,11.68,10.82,-3.96
HF,7aa_Vaa_BEF16,2743,,,,0.083,11.56,11.00,-4.06,11.50,10.95,-4.09
HF,7aa_Vaa_BEF16,2738,,,,0.062,11.37,10.78,-4.09,11.42,10.82,-4.10
HF,7aa_Vaa_BEF16,2718,,,,0.031,11.52,10.90,-4.06,11.53,10.87,-4.06
HF,7aa_Vaa_BEF16,2711,,,,0.028,11.05,10.96,-4.10,11.05,10.93,-4.11
HF,7aa_Vaa_BEF16,2705,,,,0.037,11.25,10.83,-4.08,11.26,10.80,-4.08
HF,7aa_Vaa_BEF16,2700,,,,0.046,11.54,10.78,-4.03,11.49,10.77,-4.04
HF,7aa_Vaa_BEF16,1949,,,,0.074,11.89,10.44,-3.70,11.96,10.41,-3.72
HF,7aa_Vaa_BEF16,1176,,,,0.002,11.87,11.09,-3.65,11.87,11.09,-3.65
HF,7aa_Vaa_BEF16,1911,,,,0.066,11.68,10.73,-3.71,11.61,10.73,-3.73
HF,7aa_Vaa_BEF16,1914,,,,0.050,11.52,10.51,-3.74,11.56,10.54,-3.75
HF,7aa_Vaa_BEF16,1917,,,,0.040,11.97,10.58,-3.67,11.93,10.57,-3.69
HF,7aa_Vaa_BEF16,1192,,,,0.025,11.16,11.09,-3.87,11.19,11.08,-3.91
HF,7aa_Vaa_BEF16,1178,,,,0.051,11.83,11.06,-3.67,11.87,11.08,-3.66
HF,7aa_Vaa_BEF16,1182,,,,0.055,11.48,11.61,-3.66,11.43,11.62,-3.68
HF,7aa_Vaa_BEF16,1452,,,,0.058,11.45,9.87,-3.84,11.43,9.81,-3.86
HF,7aa_Vaa_BEF16,1387,,,,0.168,11.16,10.01,-3.85,11.31,9.93,-3.86
HF,7aa_Vaa_BEF16,1485,,,,0.038,11.36,9.91,-3.88,11.36,9.88,-3.90
HF,7aa_Vaa_BEF16,1454,,,,0.069,11.33,10.00,-3.85,11.28,9.95,-3.88
HF,7aa_Vaa_BEF16,2667,,,,0.060,11.25,10.68,-4.03,11.20,10.72,-4.05
HF,7aa_Vaa_BEF16,1960,,,,0.039,11.06,10.35,-3.82,11.08,10.32,-3.83
HF,7aa_Vaa_BEF16,1964,,,,0.057,11.07,10.41,-3.82,11.04,10.36,-3.82
HF,7aa_Vaa_BEF16,1967,,,,0.076,11.08,10.37,-3.81,11.02,10.42,-3.83
HF,7aa_Vaa_BEF16,1968,,,,0.051,11.12,10.50,-3.82,11.07,10.49,-3.86
HF,7aa_Vaa_BEF16,1393,,,,0.086,11.73,10.03,-3.76,11.75,9.94,-3.78
HF,7aa_Vaa_BEF16,1457,,,,0.039,11.35,9.81,-3.84,11.39,9.79,-3.87
HF,7aa_Vaa_BEF16,2080,,,,0.036,11.23,10.24,-3.85,11.21,10.27,-3.86
HF,7aa_Vaa_BEF16,2099,,,,0.071,11.70,10.42,-3.73,11.77,10.42,-3.74
HF,7aa_Vaa_BEF16,2103,,,,0.045,11.77,10.40,-3.74,11.80,10.38,-3.75
HF,7aa_Vaa_BEF16,2107,,,,0.039,11.54,10.40,-3.75,11.51,10.41,-3.77
HF,7aa_Vaa_BEF16,2108,,,,0.038,11.58,10.47,-3.73,11.62,10.47,-3.77
HF,7aa_Vaa_BEF16,2086,,,,0.078,11.27,10.18,-3.82,11.28,10.26,-3.86
HF,7aa_Vaa_BEF16,2096,,,,0.030,11.84,10.56,-3.72,11.86,10.55,-3.72
HF,7aa_Vaa_BEF16,2599,,,,0.059,11.20,10.85,-3.99,11.25,10.82,-4.00
HF,7aa_Vaa_BEF16,1890,,,,0.052,11.86,11.20,-3.91,11.90,11.16,-3.91
HF,7aa_Vaa_BEF16,1880,,,,0.016,11.06,11.29,-4.04,11.04,11.28,-4.11
HF,7aa_Vaa_BEF16,2665,,,,0.041,11.23,10.85,-4.03,11.27,10.85,-4.03
HF,7aa_Vaa_BEF16,2606,,,,0.050,11.51,10.91,-3.95,11.50,10.96,-3.95
HF,7aa_Vaa_BEF16,2623,,,,0.036,11.04,10.93,-4.04,11.02,10.91,-4.03
HF,7aa_Vaa_BEF16,1878,,,,0.029,11.04,11.00,-4.04,11.02,11.02,-4.06
HF,7aa_Vaa_BEF16,2619,,,,0.036,11.18,10.72,-4.02,11.21,10.70,-4.03
HF,7aa_Vaa_BEF16,2618,,,,0.038,11.21,10.70,-4.03,11.17,10.71,-4.02
HF,7aa_Vaa_BEF16,2615,,,,0.026,11.27,10.93,-3.99,11.27,10.91,-4.01
HF,7aa_Vaa_BEF16,1998,,,,0.127,11.88,10.71,-3.68,11.76,10.67,-3.71
HF,7aa_Vaa_BEF16,1992,,,,0.032,11.26,10.17,-3.82,11.28,10.15,-3.82
HF,7aa_Vaa_BEF16,1987,,,,0.043,11.11,10.49,-3.87,11.09,10.52,-3.87
HF,7aa_Vaa_BEF16,1990,,,,0.024,11.21,10.25,-3.79,11.21,10.27,-3.79
HF,7aa_Vaa_BEF16,1999,,,,0.026,11.61,10.70,-3.74,11.62,10.68,-3.74
HF,7aa_Vaa_BEF16,2001,,,,0.048,11.98,10.76,-3.67,11.94,10.73,-3.68
HF,7aa_Vaa_BEF16,1985,,,,0.016,11.27,10.64,-3.84,11.29,10.64,-3.82
HF,7aa_Vaa_BEF16,1941,,,,0.045,12.62,10.79,-3.55,12.64,10.83,-3.55
HF,7aa_Vaa_BEF16,1942,,,,0.050,12.63,10.86,-3.55,12.60,10.83,-3.57
HF,7aa_Vaa_BEF16,2002,,,,0.040,12.85,11.06,-3.48,12.83,11.10,-3.49
HF,7aa_Vaa_BEF16,1932,,,,0.044,12.65,10.85,-3.54,12.69,10.84,-3.53
HF,7aa_Vaa_BEF16,1978,,,,0.018,12.53,10.89,-3.60,12.54,10.88,-3.61
HF,7aa_Vaa_BEF16,1982,,,,0.036,12.55,10.84,-3.59,12.51,10.84,-3.63
HF,7aa_Vaa_BEF16,1973,,,,0.045,12.25,11.24,-3.61,12.29,11.24,-3.60
HF,7aa_Vaa_BEF16,1974,,,,0.041,12.25,11.25,-3.62,12.29,11.25,-3.61
HF,7aa_Vaa_BEF16,1937,,,,0.056,12.19,10.63,-3.60,12.16,10.58,-3.60
HF,7aa_Vaa_BEF16,1927,,,,0.033,12.57,10.67,-3.54,12.56,10.70,-3.55
HF,7aa_Vaa_BEF16,1929,,,,0.043,12.61,10.92,-3.52,12.57,10.92,-3.54
HF,7aa_Vaa_BEF16,1976,,,,0.007,12.15,11.22,-3.65,12.15,11.23,-3.61
HF,7aa_Vaa_BEF16,2009,,,,0.031,12.45,11.06,-3.60,12.45,11.03,-3.60
HF,7aa_Vaa_BEF16,2041,,,,0.079,12.67,11.18,-3.56,12.59,11.20,-3.57
HF,7aa_Vaa_BEF16,2043,,,,0.107,12.63,11.24,-3.56,12.53,11.22,-3.62
HF,7aa_Vaa_BEF16,2010,,,,0.051,12.46,11.11,-3.59,12.41,11.09,-3.61
HF,7aa_Vaa_BEF16,2012,,,,0.032,12.23,11.18,-3.64,12.26,11.17,-3.63
HF,7aa_Vaa_BEF16,2034,,,,0.039,12.27,11.17,-3.67,12.24,11.16,-3.69
HF,7aa_Vaa_BEF16,2012,,,,0.071,12.21,10.45,-3.66,12.16,10.51,-3.67
HF,7aa_Vaa_BEF16,2013,,,,0.068,12.09,10.67,-3.71,12.06,10.73,-3.73
HF,7aa_Vaa_BEF16,2010,,,,0.120,12.36,10.68,-3.65,12.28,10.59,-3.65
HF,7aa_Vaa_BEF16,1907,,,,0.062,12.13,10.74,-3.62,12.11,10.68,-3.62
HF,7aa_Vaa_BEF16,1903,,,,0.057,12.47,10.85,-3.55,12.43,10.82,-3.57
HF,7aa_Vaa_BEF16,1904,,,,0.113,12.32,10.83,-3.57,12.21,10.86,-3.62
HF,7aa_Vaa_BEF16,1905,,,,0.092,12.29,10.92,-3.60,12.20,10.90,-3.62
HF,7aa_Vaa_BEF16,1913,,,,0.040,12.49,10.77,-3.52,12.45,10.77,-3.57
HF,7aa_Vaa_BEF16,1969,,,,0.053,12.28,11.22,-3.57,12.32,11.20,-3.56
HF,7aa_Vaa_BEF16,1921,,,,0.031,12.59,10.84,-3.53,12.62,10.85,-3.53
HF,7aa_Vaa_BEF16,1906,,,,0.050,12.18,10.77,-3.62,12.16,10.81,-3.62
HF,7aa_Vaa_BEF16,1924,,,,0.037,12.53,10.89,-3.54,12.50,10.92,-3.55
HF,7aa_Vaa_BEF16,1944,,,,0.029,12.66,10.76,-3.54,12.65,10.79,-3.55
HF,7aa_Vaa_BEF16,1948,,,,0.102,12.43,10.94,-3.61,12.33,10.94,-3.63
HF,7aa_Vaa_BEF16,1952,,,,0.052,12.11,10.85,-3.65,12.06,10.82,-3.64
HF,7aa_Vaa_BEF16,1987,,,,0.025,12.77,11.11,-3.47,12.80,11.11,-3.46
HF,7aa_Vaa_BEF16,1993,,,,0.536,12.97,10.99,-3.42,12.53,11.30,-3.47
HF,7aa_Vaa_BEF16,1967,,,,0.059,12.28,10.83,-3.65,12.22,10.84,-3.64
HF,7aa_Vaa_BEF16,1996,,,,0.120,12.71,11.25,-3.46,12.59,11.27,-3.50
HF,7aa_Vaa_BEF16,1097,,,,0.064,11.30,11.41,-3.72,11.37,11.42,-3.74
HF,7aa_Vaa_BEF16,1798,,,,0.064,11.34,10.80,-3.76,11.39,10.77,-3.77
HF,7aa_Vaa_BEF16,1799,,,,0.076,11.32,10.78,-3.77,11.39,10.76,-3.78
HF,7aa_Vaa_BEF16,1810,,,,0.037,11.11,10.59,-3.81,11.07,10.59,-3.82
HF,7aa_Vaa_BEF16,1814,,,,0.033,11.28,10.66,-3.77,11.31,10.66,-3.78
HF,7aa_Vaa_BEF16,1800,,,,0.088,11.30,10.71,-3.77,11.39,10.72,-3.78
HF,7aa_Vaa_BEF16,1797,,,,0.035,11.20,10.87,-3.81,11.16,10.88,-3.86
HF,7aa_Vaa_BEF16,1792,,,,0.060,11.28,10.95,-3.80,11.29,11.01,-3.80
HF,7aa_Vaa_BEF16,1881,,,,0.048,11.25,10.58,-3.78,11.28,10.61,-3.79
HF,7aa_Vaa_BEF16,1894,,,,0.042,11.24,10.89,-3.85,11.27,10.88,-3.85
HF,7aa_Vaa_BEF16,1136,,,,0.037,11.56,11.56,-3.60,11.52,11.57,-3.63
HF,7aa_Vaa_BEF16,1904,,,,0.057,11.47,10.73,-3.73,11.52,10.71,-3.73
HF,7aa_Vaa_BEF16,1165,,,,0.081,11.95,11.24,-3.50,12.02,11.21,-3.55
HF,7aa_Vaa_BEF16,1909,,,,0.042,11.72,10.67,-3.71,11.76,10.69,-3.71
HF,7aa_Vaa_BEF16,1824,,,,0.035,11.23,10.58,-3.76,11.19,10.58,-3.78
HF,7aa_Vaa_BEF16,1114,,,,0.046,11.66,11.51,-3.51,11.62,11.54,-3.53
HF,7aa_Vaa_BEF16,1851,,,,0.036,11.72,10.79,-3.67,11.68,10.79,-3.69
HF,7aa_Vaa_BEF16,1857,,,,0.051,11.46,10.68,-3.73,11.51,10.68,-3.74
HF,7aa_Vaa_BEF16,2036,,,,0.079,12.12,10.78,-3.79,12.08,10.71,-3.80
HF,7aa_Vaa_BEF16,2067,,,,0.049,12.57,11.19,-3.67,12.53,11.21,-3.68
HF,7aa_Vaa_BEF16,2062,,,,0.081,12.37,11.35,-3.67,12.29,11.36,-3.70
HF,7aa_Vaa_BEF16,2046,,,,0.048,12.42,11.10,-3.65,12.37,11.09,-3.66
HF,7aa_Vaa_BEF16,2028,,,,0.118,12.17,10.90,-3.74,12.15,10.78,-3.77
HF,7aa_Vaa_BEF16,2068,,,,0.076,12.57,11.18,-3.68,12.51,11.13,-3.67
HF,7aa_Vaa_BEF16,2102,,,,0.053,12.49,11.16,-3.74,12.44,11.14,-3.74
HF,7aa_Vaa_BEF16,1579,,,,0.027,11.06,11.42,-3.88,11.06,11.44,-3.87
HF,7aa_Vaa_BEF16,2578,,,,0.019,11.74,10.78,-3.89,11.75,10.77,-3.91
HF,7aa_Vaa_BEF16,1582,,,,0.027,11.88,11.25,-3.76,11.87,11.23,-3.77
HF,7aa_Vaa_BEF16,1615,,,,0.033,11.25,11.04,-3.90,11.23,11.02,-3.90
HF,7aa_Vaa_BEF16,2559,,,,0.024,11.30,10.51,-3.92,11.28,10.52,-3.93
HF,7aa_Vaa_BEF16,1575,,,,0.035,11.07,11.05,-3.91,11.10,11.07,-3.92
HF,7aa_Vaa_BEF16,2564,,,,0.015,11.24,10.92,-3.96,11.25,10.91,-4.00
HF,7aa_Vaa_BEF16,2567,,,,0.051,11.31,10.85,-3.95,11.27,10.88,-3.97
HF,7aa_Vaa_BEF16,1604,,,,0.048,11.16,11.15,-3.89,11.20,11.13,-3.89
HF,7aa_Vaa_BEF16,1605,,,,0.060,11.28,11.40,-3.84,11.23,11.37,-3.87
HF,7aa_Vaa_BEF16,1607,,,,0.036,11.08,11.17,-3.94,11.11,11.15,-3.94
HF,7aa_Vaa_BEF16,1613,,,,0.042,11.32,11.01,-3.88,11.28,11.00,-3.89
HF,7aa_Vaa_BEF16,1634,,,,0.036,11.22,11.12,-3.91,11.19,11.11,-3.92
HF,7aa_Vaa_BEF16,2585,,,,0.037,11.76,10.89,-3.91,11.73,10.87,-3.93
HF,7aa_Vaa_BEF16,2590,,,,0.027,11.59,10.82,-3.90,11.60,10.84,-3.96
HF,7aa_Vaa_BEF16,2533,,,,0.051,11.59,10.63,-3.89,11.54,10.62,-3.90
HF,7aa_Vaa_BEF16,2541,,,,0.036,11.57,10.69,-3.91,11.60,10.71,-3.92
HF,7aa_Vaa_BEF16,2515,,,,0.032,11.33,10.71,-3.96,11.29,10.71,-3.98
HF,7aa_Vaa_BEF16,2538,,,,0.075,12.02,10.84,-3.81,11.95,10.82,-3.88
HF,7aa_Vaa_BEF16,2521,,,,0.031,11.91,10.71,-3.82,11.94,10.70,-3.82
HF,7aa_Vaa_BEF16,2512,,,,0.030,11.53,10.81,-3.88,11.51,10.79,-3.89
HF,7aa_Vaa_BEF16,2508,,,,0.058,11.35,10.78,-3.91,11.40,10.77,-3.94
HF,7aa_Vaa_BEF16,2509,,,,0.052,11.11,10.57,-3.95,11.14,10.54,-3.98
HF,7aa_Vaa_BEF16,2481,,,,0.037,11.95,10.49,-3.79,11.99,10.49,-3.81
HF,7aa_Vaa_BEF16,2504,,,,0.041,11.49,10.79,-3.89,11.53,10.77,-3.91
HF,7aa_Vaa_BEF16,2556,,,,0.054,11.09,10.90,-3.96,11.04,10.90,-3.98
HF,7aa_Vaa_BEF16,1572,,,,0.049,11.36,11.10,-3.82,11.31,11.10,-3.85
HF,7aa_Vaa_BEF16,1574,,,,0.025,11.31,11.32,-3.84,11.29,11.34,-3.84
HF,7aa_Vaa_BEF16,2531,,,,0.024,11.71,10.83,-3.86,11.69,10.81,-3.90
HF,7aa_Vaa_BEF16,2558,,,,0.027,11.36,10.77,-3.96,11.34,10.75,-3.97
HF,7aa_Vaa_BEF16,2339,,,,0.029,12.02,10.87,-3.83,12.00,10.85,-3.84
HF,7aa_Vaa_BEF16,2524,,,,0.034,11.72,10.93,-3.86,11.75,10.92,-3.87
HF,7aa_Vaa_BEF16,2527,,,,0.030,11.79,10.66,-3.83,11.76,10.66,-3.87
HF,7aa_Vaa_BEF16,2532,,,,0.043,11.65,10.72,-3.87,11.61,10.72,-3.88
HF,7aa_Vaa_BEF16,2530,,,,0.017,11.66,10.87,-3.86,11.68,10.88,-3.88
HF,7aa_Vaa_BEF16,1771,,,,0.015,11.63,11.22,-3.86,11.63,11.21,-3.90
HF,7aa_Vaa_BEF16,1764,,,,0.032,11.58,11.33,-3.84,11.55,11.32,-3.87
HF,7aa_Vaa_BEF16,1836,,,,0.028,11.02,11.08,-4.03,11.04,11.09,-4.03
HF,7aa_Vaa_BEF16,1767,,,,0.034,11.80,11.20,-3.85,11.77,11.22,-3.85
HF,7aa_Vaa_BEF16,1779,,,,0.033,11.51,11.14,-3.89,11.48,11.14,-3.90
HF,7aa_Vaa_BEF16,1772,,,,0.054,11.63,11.09,-3.86,11.67,11.05,-3.86
HF,7aa_Vaa_BEF16,1769,,,,0.007,11.75,11.27,-3.84,11.74,11.27,-3.87
HF,7aa_Vaa_BEF16,1741,,,,0.028,11.37,11.04,-3.92,11.35,11.03,-3.92
HF,7aa_Vaa_BEF16,1852,,,,0.036,11.49,11.10,-3.97,11.45,11.08,-3.98
HF,7aa_Vaa_BEF16,1825,,,,0.028,11.63,11.11,-3.91,11.66,11.11,-3.90
HF,7aa_Vaa_BEF16,1760,,,,0.038,11.66,11.24,-3.84,11.69,11.21,-3.85
HF,7aa_Vaa_BEF16,1837,,,,0.030,11.09,11.23,-4.02,11.06,11.22,-4.03
HF,7aa_Vaa_BEF16,1745,,,,0.052,11.80,11.10,-3.82,11.74,11.09,-3.85
HF,7aa_Vaa_BEF16,1746,,,,0.057,11.70,11.04,-3.85,11.65,11.00,-3.85
HF,7aa_Vaa_BEF16,1811,,,,0.024,11.33,11.23,-3.96,11.30,11.24,-3.99
HF,7aa_Vaa_BEF16,1815,,,,0.035,11.93,11.28,-3.71,11.95,11.25,-3.72
HF,7aa_Vaa_BEF16,1816,,,,0.035,11.95,11.25,-3.72,11.99,11.24,-3.71
HF,7aa_Vaa_BEF16,1817,,,,0.073,11.57,11.16,-3.90,11.64,11.18,-3.87
HF,7aa_Vaa_BEF16,1826,,,,0.055,11.42,11.06,-3.90,11.36,11.07,-4.00
HF,7aa_Vaa_BEF16,1827,,,,0.018,11.20,11.31,-3.98,11.21,11.30,-4.00
HF,7aa_Vaa_BEF16,1829,,,,0.036,11.12,11.08,-4.01,11.08,11.08,-4.02
HF,7aa_Vaa_BEF16,1805,,,,0.047,11.40,11.08,-3.94,11.36,11.05,-3.95
HF,7aa_Vaa_BEF16,1734,,,,0.054,11.68,11.19,-3.83,11.71,11.15,-3.84
HF,7aa_Vaa_BEF16,1857,,,,0.043,11.06,11.31,-4.04,11.02,11.32,-4.04
HF,7aa_Vaa_BEF16,1855,,,,0.032,11.23,11.32,-4.03,11.22,11.29,-4.03
HF,7aa_Vaa_BEF16,1705,,,,0.031,11.43,11.12,-3.86,11.41,11.09,-3.88
HF,7aa_Vaa_BEF16,1738,,,,0.005,11.53,11.39,-3.80,11.54,11.39,-3.84
HF,7aa_Vaa_BEF16,1863,,,,0.039,11.95,11.25,-3.82,11.92,11.25,-3.85
HF,7aa_Vaa_BEF16,1709,,,,0.026,11.40,11.44,-3.79,11.38,11.42,-3.81
HF,7aa_Vaa_BEF16,1715,,,,0.031,11.52,11.44,-3.76,11.51,11.47,-3.76
HF,7aa_Vaa_BEF16,1696,,,,0.037,11.37,11.19,-3.82,11.41,11.21,-3.82
HF,7aa_Vaa_BEF16,1877,,,,0.038,11.08,11.01,-4.03,11.04,11.00,-4.07
HF,7aa_Vaa_BEF16,1701,,,,0.062,11.66,11.47,-3.76,11.61,11.44,-3.75
HF,7aa_Vaa_BEF16,1702,,,,0.004,11.55,11.46,-3.70,11.55,11.46,-3.76
HF,7aa_Vaa_BEF16,1685,,,,0.064,11.26,11.37,-3.94,11.29,11.31,-3.96
HF,7aa_Vaa_BEF16,1854,,,,0.027,11.28,11.24,-4.04,11.30,11.23,-4.03
HF,7aa_Vaa_BEF16,1728,,,,0.043,11.42,11.10,-3.88,11.42,11.06,-3.90
HF,7aa_Vaa_BEF16,1730,,,,0.024,11.40,11.17,-3.89,11.42,11.19,-3.92
HF,7aa_Vaa_BEF16,1733,,,,0.038,11.90,11.19,-3.78,11.93,11.17,-3.78
HF,7aa_Vaa_BEF16,2474,,,,0.021,11.57,10.69,-3.85,11.55,10.69,-3.91
HF,7aa_Vaa_BEF16,1853,,,,0.031,11.48,11.14,-3.97,11.45,11.13,-3.99
HF,7aa_Vaa_BEF16,1723,,,,0.031,11.93,11.16,-3.76,11.94,11.14,-3.77
HF,7aa_Vaa_BEF16,1716,,,,0.023,11.96,11.05,-3.78,11.96,11.03,-3.78
HF,7aa_Vaa_BEF16,1724,,,,0.039,11.40,11.13,-3.87,11.44,11.11,-3.88
HF,7aa_Vaa_BEF16,1717,,,,0.020,11.53,11.46,-3.76,11.52,11.44,-3.81
HF,7aa_Vaa_BEF16,2232,,,,0.052,11.07,10.50,-3.86,11.02,10.47,-3.87
HF,7aa_Vaa_BEF16,2249,,,,0.026,11.33,10.15,-3.88,11.35,10.15,-3.88
HF,7aa_Vaa_BEF16,2237,,,,0.045,11.23,10.55,-3.87,11.28,10.56,-3.86
HF,7aa_Vaa_BEF16,2221,,,,0.043,11.34,10.10,-3.85,11.32,10.14,-3.86
HF,7aa_Vaa_BEF16,2231,,,,0.090,11.00,10.45,-3.86,11.09,10.48,-3.87
HF,7aa_Vaa_BEF16,2230,,,,0.027,11.07,10.43,-3.86,11.06,10.41,-3.90
HF,7aa_Vaa_BEF16,2222,,,,0.084,11.38,10.43,-3.83,11.33,10.49,-3.84
HF,7aa_Vaa_BEF16,2273,,,,0.040,11.63,10.25,-3.80,11.65,10.28,-3.81
HF,7aa_Vaa_BEF16,2269,,,,0.034,11.69,10.09,-3.79,11.69,10.06,-3.80
HF,7aa_Vaa_BEF16,2297,,,,0.056,11.28,10.65,-3.85,11.33,10.68,-3.86
HF,7aa_Vaa_BEF16,2298,,,,0.026,11.05,10.53,-3.89,11.03,10.53,-3.92
HF,7aa_Vaa_BEF16,2257,,,,0.062,11.30,10.42,-3.87,11.26,10.48,-3.88
HF,7aa_Vaa_BEF16,2265,,,,0.059,11.70,10.42,-3.75,11.76,10.40,-3.75
HF,7aa_Vaa_BEF16,2214,,,,0.032,11.48,10.23,-3.81,11.50,10.25,-3.81
HF,7aa_Vaa_BEF16,2155,,,,0.042,11.77,10.69,-3.71,11.80,10.71,-3.75
HF,7aa_Vaa_BEF16,2206,,,,0.035,11.44,10.21,-3.81,11.48,10.20,-3.82
HF,7aa_Vaa_BEF16,2141,,,,0.027,11.13,10.70,-3.91,11.10,10.71,-3.91
HF,7aa_Vaa_BEF16,2135,,,,0.038,11.46,10.66,-3.77,11.48,10.69,-3.80
HF,7aa_Vaa_BEF16,2145,,,,0.037,11.02,10.59,-3.84,11.04,10.56,-3.90
HF,7aa_Vaa_BEF16,2158,,,,0.025,11.94,10.64,-3.70,11.91,10.65,-3.73
HF,7aa_Vaa_BEF16,2161,,,,0.034,11.81,10.79,-3.70,11.84,10.78,-3.70
HF,7aa_Vaa_BEF16,2111,,,,0.067,11.53,10.23,-3.75,11.50,10.17,-3.79
HF,7aa_Vaa_BEF16,2116,,,,0.050,11.58,10.25,-3.76,11.58,10.20,-3.77
HF,7aa_Vaa_BEF16,2125,,,,0.060,11.56,10.23,-3.79,11.50,10.21,-3.81
HF,7aa_Vaa_BEF16,2177,,,,0.040,11.60,10.47,-3.76,11.61,10.51,-3.76
HF,7aa_Vaa_BEF16,2180,,,,0.040,11.78,10.88,-3.69,11.76,10.86,-3.70
HF,7aa_Vaa_BEF16,2212,,,,0.046,11.47,10.24,-3.80,11.51,10.27,-3.80
HF,7aa_Vaa_BEF16,2188,,,,0.037,11.89,10.90,-3.69,11.92,10.88,-3.70
HF,7aa_Vaa_BEF16,2165,,,,0.022,11.56,10.69,-3.76,11.58,10.69,-3.77
HF,7aa_Vaa_BEF16,2166,,,,0.040,11.80,10.63,-3.74,11.78,10.60,-3.76
HF,7aa_Vaa_BEF16,2172,,,,0.059,11.85,10.81,-3.71,11.91,10.80,-3.70
HF,7aa_Vaa_BEF16,2190,,,,0.079,11.84,10.86,-3.70,11.92,10.85,-3.69
HF,7aa_Vaa_BEF16,2447,,,,0.050,11.59,10.65,-3.83,11.64,10.63,-3.82
HF,7aa_Vaa_BEF16,2416,,,,0.042,11.03,10.22,-3.93,11.05,10.18,-3.95
HF,7aa_Vaa_BEF16,2448,,,,0.038,11.54,10.72,-3.83,11.57,10.71,-3.84
HF,7aa_Vaa_BEF16,2450,,,,0.101,11.96,10.82,-3.75,11.87,10.79,-3.81
HF,7aa_Vaa_BEF16,2421,,,,0.037,11.16,10.93,-3.89,11.13,10.90,-3.91
HF,7aa_Vaa_BEF16,2453,,,,0.068,11.71,10.54,-3.81,11.78,10.54,-3.81
HF,7aa_Vaa_BEF16,2397,,,,0.065,11.22,10.42,-3.89,11.28,10.43,-3.89
HF,7aa_Vaa_BEF16,2441,,,,0.036,11.04,10.94,-3.93,11.00,10.94,-3.96
HF,7aa_Vaa_BEF16,2402,,,,0.054,11.12,10.31,-3.91,11.14,10.26,-3.92
HF,7aa_Vaa_BEF16,2437,,,,0.031,11.15,10.88,-3.93,11.18,10.88,-3.92
HF,7aa_Vaa_BEF16,2466,,,,0.030,11.77,10.79,-3.83,11.74,10.80,-3.84
HF,7aa_Vaa_BEF16,2467,,,,0.060,12.00,10.96,-3.76,11.94,10.97,-3.78
HF,7aa_Vaa_BEF16,2468,,,,0.042,11.81,10.94,-3.81,11.77,10.92,-3.82
HF,7aa_Vaa_BEF16,2110,,,,0.019,11.59,10.31,-3.76,11.61,10.30,-3.79
HF,7aa_Vaa_BEF16,2463,,,,0.045,11.48,10.69,-3.88,11.51,10.71,-3.87
HF,7aa_Vaa_BEF16,1106,,,,0.036,10.97,10.73,-3.76,10.99,10.70,-3.79
HF,7aa_Vaa_BEF16,2459,,,,0.049,11.81,10.93,-3.80,11.81,10.88,-3.84
HF,7aa_Vaa_BEF16,2427,,,,0.043,11.45,10.65,-3.88,11.41,10.68,-3.89
HF,7aa_Vaa_BEF16,2428,,,,0.060,11.25,10.83,-3.91,11.30,10.80,-3.91
HF,7aa_Vaa_BEF16,2431,,,,0.098,11.13,10.68,-3.92,11.21,10.62,-3.92
HF,7aa_Vaa_BEF16,1427,,,,0.038,11.88,11.19,-3.70,11.91,11.17,-3.71
HF,7aa_Vaa_BEF16,1430,,,,0.030,11.98,11.28,-3.68,11.99,11.31,-3.71
HF,7aa_Vaa_BEF16,2325,,,,0.045,11.56,10.68,-3.79,11.58,10.64,-3.81
HF,7aa_Vaa_BEF16,2328,,,,0.051,11.70,10.71,-3.76,11.74,10.75,-3.76
HF,7aa_Vaa_BEF16,1408,,,,0.045,11.95,11.02,-3.68,11.91,11.00,-3.69
HF,7aa_Vaa_BEF16,2330,,,,0.033,11.67,10.55,-3.77,11.70,10.54,-3.81
HF,7aa_Vaa_BEF16,1418,,,,0.048,11.89,11.18,-3.69,11.84,11.17,-3.70
HF,7aa_Vaa_BEF16,2314,,,,0.034,11.76,10.95,-3.74,11.77,10.91,-3.77
HF,7aa_Vaa_BEF16,2318,,,,0.052,11.85,10.75,-3.73,11.80,10.76,-3.76
HF,7aa_Vaa_BEF16,2315,,,,0.024,11.77,10.76,-3.72,11.75,10.76,-3.77
HF,7aa_Vaa_BEF16,2316,,,,0.039,11.94,10.82,-3.72,11.90,10.80,-3.76
HF,7aa_Vaa_BEF16,2317,,,,0.034,11.76,10.52,-3.76,11.79,10.52,-3.76
HF,7aa_Vaa_BEF16,2361,,,,0.042,11.77,10.92,-3.77,11.74,10.89,-3.79
HF,7aa_Vaa_BEF16,2348,,,,0.033,11.63,10.65,-3.79,11.66,10.66,-3.79
HF,7aa_Vaa_BEF16,2359,,,,0.033,11.69,10.57,-3.81,11.66,10.55,-3.82
HF,7aa_Vaa_BEF16,2331,,,,0.036,11.87,10.55,-3.74,11.84,10.54,-3.75
HF,7aa_Vaa_BEF16,2335,,,,0.027,11.86,10.88,-3.74,11.89,10.88,-3.77
HF,7aa_Vaa_BEF16,2370,,,,0.043,11.92,10.70,-3.77,11.88,10.71,-3.78
HF,7aa_Vaa_BEF16,2371,,,,0.064,11.97,10.66,-3.77,12.03,10.66,-3.79
HF,7aa_Vaa_BEF16,2337,,,,0.055,11.79,10.97,-3.73,11.76,10.92,-3.79
HF,7aa_Vaa_BEF16,2340,,,,0.045,12.00,10.73,-3.74,11.97,10.75,-3.75
HF,7aa_Vaa_BEF16,3323,,,,0.043,10.67,9.88,-4.02,10.63,9.90,-4.03
HF,7aa_Vaa_BEF16,3326,,,,0.076,10.54,9.88,-4.06,10.61,9.85,-4.04
HF,7aa_Vaa_BEF16,3318,,,,0.030,10.76,9.87,-3.99,10.74,9.89,-4.00
HF,7aa_Vaa_BEF16,3324,,,,0.051,10.65,9.82,-4.02,10.70,9.83,-4.02
HF,7aa_Vaa_BEF16,3321,,,,0.052,10.71,9.90,-4.01,10.66,9.93,-4.02
HF,14_XI_BEF1,3556,,,,0.055,13.84,10.49,-5.05,13.84,10.55,-5.04
HF,14_XI_BEF1,3826,,,,0.051,12.51,10.36,-5.28,12.54,10.33,-5.27
HF,14_XI_BEF1,3749,,,,0.054,12.23,10.55,-5.27,12.18,10.55,-5.28
HF,14_XI_BEF1,3442,,,,0.032,13.88,10.50,-5.00,13.87,10.53,-5.00
HF,14_XI_BEF1,3389,,,,0.030,13.64,10.21,-4.96,13.61,10.22,-4.96
HF,14_XI_BEF1,3358,,,,0.044,13.43,10.22,-4.99,13.38,10.23,-4.99
HF,14_XI_BEF1,3214,,,,0.054,13.66,10.59,-5.02,13.66,10.54,-5.02
HF,14_XI_BEF1,3411,,,,0.045,13.92,10.20,-4.94,13.91,10.25,-4.94
HF,14_XI_BEF1,3369,,,,0.024,13.48,10.45,-5.04,13.50,10.43,-5.04
HF,14_XI_BEF1,3205,,,,0.030,13.65,10.47,-5.00,13.62,10.49,-5.01
HF,14_XI_BEF1,3375,,,,0.032,13.52,10.44,-5.03,13.55,10.45,-5.03
HF,14_XI_BEF1,3875,,,,0.035,12.70,10.46,-5.19,12.68,10.43,-5.20
HF,14_XI_BEF1,3211,,,,0.043,13.60,10.55,-5.02,13.58,10.59,-5.03
HF,14_XI_BEF1,3381,,,,0.042,13.50,10.05,-4.95,13.54,10.04,-4.95
HF,14_XI_BEF1,3463,,,,0.064,13.23,10.07,-5.04,13.18,10.04,-5.01
HF,14_XI_BEF1,3362,,,,0.022,13.40,10.05,-4.94,13.41,10.03,-4.94
HF,14_XI_BEF1,3154,,,,0.040,13.13,10.26,-5.02,13.14,10.30,-5.01
HF,14_XI_BEF1,3150,,,,0.070,13.02,10.19,-5.02,13.04,10.25,-5.04
HF,14_XI_BEF1,3399,,,,0.033,13.71,10.43,-4.99,13.68,10.44,-5.00
HF,14_XI_BEF1,3547,,,,0.062,13.97,10.38,-4.99,14.02,10.41,-4.98
HF,14_XI_BEF1,2511,,,,0.061,13.97,10.11,-4.96,14.00,10.06,-4.96
HF,14_XI_BEF1,3529,,,,0.045,13.85,10.34,-4.99,13.89,10.36,-4.98
HF,14_XI_BEF1,3656,,,,0.075,13.72,10.29,-5.06,13.77,10.34,-5.06
HF,14_XI_BEF1,3672,,,,0.073,13.50,10.35,-5.03,13.56,10.32,-5.06
HF,14_XI_BEF1,3676,,,,0.077,13.58,10.17,-5.02,13.51,10.17,-5.03
HF,14_XI_BEF1,3160,,,,0.031,13.15,10.08,-4.95,13.15,10.12,-4.95
HF,14_XI_BEF1,3172,,,,0.037,13.29,10.28,-4.98,13.33,10.28,-4.98
HF,14_XI_BEF1,3184,,,,0.036,13.47,10.35,-4.97,13.49,10.32,-4.96
HF,14_XI_BEF1,3119,,,,0.056,13.56,10.46,-4.98,13.54,10.51,-5.01
HF,14_XI_BEF1,3173,,,,0.046,13.30,10.31,-5.00,13.32,10.36,-5.01
HF,14_XI_BEF1,3603,,,,0.060,13.76,10.22,-5.00,13.71,10.26,-5.01
HF,14_XI_BEF1,3155,,,,0.031,13.11,10.20,-4.99,13.13,10.18,-4.98
HF,14_XI_BEF1,3157,,,,0.042,13.22,10.34,-5.01,13.18,10.35,-5.02
HF,14_XI_BEF1,3038,,,,0.041,13.31,10.82,-5.03,13.27,10.83,-5.05
HF,14_XI_BEF1,3159,,,,0.057,13.16,10.31,-5.00,13.20,10.28,-4.99
HF,14_XI_BEF1,3221,,,,0.033,13.81,10.50,-4.98,13.81,10.53,-4.99
HF,14_XI_BEF1,3121,,,,0.069,13.66,10.49,-4.97,13.66,10.56,-4.99
HF,14_XI_BEF1,3120,,,,0.051,13.61,10.47,-4.98,13.63,10.52,-5.00
HF,14_XI_BEF1,3198,,,,0.043,13.51,10.48,-5.02,13.50,10.52,-5.00
HF,14_XI_BEF1,3218,,,,0.047,13.87,10.65,-4.99,13.90,10.62,-4.98
HF,14_XI_BEF1,3563,,,,0.047,13.56,10.43,-5.06,13.57,10.47,-5.05
