Site ,GH,BEF,ID,LENGTH,WIDTH,elongation,obj_length,X1,Y1,Z1,X2,Y2,Z2
HF,7a_Va,7,672,,,,0.084,13.04,11.15,-3.14,12.96,11.13,-3.15
HF,7a_Va,7,543,,,,0.029,13.62,11.22,-2.91,13.60,11.23,-2.92
HF,7a_Va,7,583,,,,0.016,13.74,11.20,-2.85,13.73,11.18,-2.86
HF,7a_Va,7,582,,,,0.033,13.71,11.20,-2.85,13.68,11.19,-2.87
HF,7a_Va,7,574,,,,0.017,13.69,11.18,-2.88,13.68,11.16,-2.89
HF,7a_Va,7,575,,,,0.023,13.71,11.23,-2.83,13.70,11.21,-2.84
HF,7a_Va,7,576,,,,0.013,13.73,11.23,-2.83,13.72,11.22,-2.84
HF,7a_Va,7,577,,,,0.015,13.73,11.23,-2.83,13.73,11.22,-2.84
HF,7a_Va,7,584,,,,0.014,13.69,11.18,-2.88,13.69,11.16,-2.89
HF,7a_Va,7,1062,,,,0.050,12.42,11.25,-3.24,12.44,11.21,-3.27
HF,7a_Va,7,746,,,,0.018,12.57,11.35,-3.10,12.57,11.33,-3.14
HF,7a_Va,7,740,,,,0.014,12.89,11.05,-3.15,12.88,11.06,-3.16
HF,7a_Va,7,741,,,,0.030,12.63,11.19,-3.16,12.62,11.16,-3.18
HF,7a_Va,7,742,,,,0.025,12.52,11.22,-3.18,12.54,11.22,-3.19
HF,7a_Va,7,737,,,,0.016,12.79,11.26,-3.10,12.78,11.25,-3.11
HF,7a_Va,7,747,,,,0.025,12.62,11.38,-3.08,12.60,11.37,-3.08
HF,7a_Va,7,749,,,,0.027,12.69,11.40,-3.08,12.66,11.41,-3.09
HF,7a_Va,7,751,,,,0.008,12.50,11.27,-3.18,12.50,11.28,-3.18
HF,7a_Va,7,745,,,,0.016,12.63,11.29,-3.11,12.62,11.28,-3.15
HF,7a_Va,7,732,,,,0.059,12.65,11.35,-3.08,12.65,11.41,-3.09
HF,7a_Va,7,734,,,,0.024,12.73,11.39,-3.07,12.73,11.36,-3.08
HF,7a_Va,7,630,,,,0.037,13.11,11.14,-3.21,13.15,11.14,-3.24
HF,7a_Va,7,690,,,,0.026,12.73,11.30,-3.07,12.72,11.33,-3.07
HF,7a_Va,7,1333,,,,0.005,12.29,11.12,-3.33,12.29,11.12,-3.35
HF,7a_Va,7,1213,,,,0.022,12.79,11.04,-3.26,12.82,11.04,-3.26
HF,7a_Va,7,994,,,,0.050,12.48,11.21,-3.24,12.43,11.20,-3.24
HF,7a_Va,7,992,,,,0.051,12.87,11.19,-3.19,12.91,11.16,-3.21
HF,7a_Va,7,1581,,,,0.023,12.23,11.00,-3.48,12.21,10.99,-3.49
HF,7a_Va,7,1000,,,,0.047,12.52,11.21,-3.23,12.48,11.18,-3.23
HF,7a_Va,7,1150,,,,0.009,12.59,11.20,-3.24,12.58,11.20,-3.26
HF,7a_Va,7,1155,,,,0.035,12.60,11.15,-3.26,12.59,11.12,-3.28
HF,7a_Va,7,1123,,,,0.060,12.45,11.16,-3.29,12.46,11.10,-3.30
HF,7a_Va,7,570,,,,0.037,13.70,11.22,-2.85,13.67,11.20,-2.87
HF,7a_Va,7,571,,,,0.020,13.67,11.18,-2.88,13.65,11.18,-2.90
HF,7a_Va,7,548,,,,0.019,13.68,11.20,-2.86,13.66,11.20,-2.89
HF,7a_Va,7,549,,,,0.022,13.69,11.24,-2.84,13.68,11.26,-2.85
HF,7a_Va,7,550,,,,0.027,13.61,11.15,-2.95,13.64,11.13,-2.95
HF,7a_Va,7,1569,,,,0.049,12.54,10.74,-3.46,12.50,10.72,-3.47
HF,7a_Va,7,1574,,,,0.025,12.19,10.93,-3.30,12.16,10.94,-3.31
HF,7a_Va,7,1603,,,,0.030,12.54,10.84,-3.50,12.51,10.84,-3.51
HF,7a_Va,7,1606,,,,0.033,12.57,10.85,-3.51,12.53,10.84,-3.52
HF,7a_Va,7,1269,,,,0.035,12.45,11.13,-3.30,12.42,11.12,-3.31
HF,7a_Va,7,1837,,,,0.026,12.38,11.01,-3.44,12.39,10.99,-3.45
HF,7a_Va,7,1848,,,,0.047,12.38,11.20,-3.45,12.43,11.20,-3.45
HF,7a_Va,7,1604,,,,0.052,12.51,10.86,-3.51,12.45,10.85,-3.53
HF,7a_Va,7,1611,,,,0.023,12.60,10.84,-3.46,12.58,10.84,-3.48
HF,7a_Va,7,1608,,,,0.043,12.39,10.87,-3.55,12.35,10.85,-3.55
HF,7a_Va,7,1607,,,,0.045,12.47,10.91,-3.51,12.44,10.88,-3.52
HF,7a_Va,7,1584,,,,0.064,12.29,10.92,-3.47,12.23,10.90,-3.54
HF,7a_Va,7,545,,,,0.019,13.63,11.17,-2.91,13.63,11.15,-2.92
HF,7a_Va,7,1589,,,,0.043,12.39,10.89,-3.47,12.35,10.90,-3.49
HF,7a_Va,7,546,,,,0.024,13.66,11.15,-2.91,13.64,11.16,-2.92
HF,7a_Va,7,544,,,,0.024,13.64,11.18,-2.91,13.62,11.19,-2.91
HF,7a_Va,7,1591,,,,0.044,12.26,10.94,-3.49,12.26,10.99,-3.47
HF,7a_Va,7,1838,,,,0.017,12.22,11.02,-3.47,12.20,11.01,-3.48
HF,7a_Va,7,1579,,,,0.032,12.24,11.00,-3.46,12.21,10.98,-3.47
HF,7a_Va,7,547,,,,0.018,13.69,11.19,-2.86,13.67,11.20,-2.87
HF,7a_Va,7,1601,,,,0.050,12.36,10.83,-3.52,12.41,10.82,-3.51
HF,7a_Va,7,1847,,,,0.100,12.24,11.20,-3.47,12.31,11.12,-3.48
HF,7a_Va,7,1577,,,,0.028,12.63,11.06,-3.29,12.65,11.04,-3.28
HF,7a_Va,7,1572,,,,0.014,12.55,11.30,-3.31,12.55,11.29,-3.32
HF,7a_Va,7,1661,,,,0.017,12.56,11.39,-3.34,12.55,11.38,-3.35
HF,7a_Va,7,1659,,,,0.062,12.56,11.34,-3.32,12.50,11.36,-3.34
HF,7a_Va,7,1413,,,,0.031,12.69,11.26,-3.27,12.67,11.24,-3.27
HF,7a_Va,7,1415,,,,0.035,12.69,11.27,-3.26,12.66,11.29,-3.28
HF,7a_Va,7,1624,,,,0.035,12.29,11.20,-3.39,12.28,11.17,-3.40
HF,7a_Va,7,1623,,,,0.037,12.38,11.06,-3.37,12.34,11.06,-3.37
HF,7a_Va,7,1621,,,,0.039,12.19,11.13,-3.41,12.18,11.10,-3.41
HF,7a_Va,7,1620,,,,0.042,12.21,11.12,-3.41,12.19,11.08,-3.42
HF,7a_Va,7,1625,,,,0.022,12.48,11.34,-3.35,12.49,11.33,-3.36
HF,7a_Va,7,1628,,,,0.027,12.19,11.32,-3.42,12.21,11.30,-3.43
HF,7a_Va,7,950,,,,0.026,12.39,11.25,-3.25,12.39,11.22,-3.26
HF,7a_Va,7,867,,,,0.037,12.72,11.20,-3.20,12.71,11.17,-3.20
HF,7a_Va,7,1462,,,,0.031,12.27,11.18,-3.34,12.25,11.20,-3.39
HF,7a_Va,7,953,,,,0.017,12.49,11.23,-3.22,12.49,11.21,-3.23
HF,7a_Va,7,876,,,,0.140,12.60,11.34,-3.17,12.65,11.21,-3.18
HF,7a_Va,7,871,,,,0.019,12.53,11.25,-3.22,12.51,11.25,-3.22
HF,7a_Va,7,873,,,,0.022,12.89,11.14,-3.19,12.88,11.16,-3.20
HF,7a_Va,7,874,,,,0.020,12.58,11.32,-3.18,12.59,11.30,-3.19
HF,7a_Va,7,877,,,,0.082,12.58,11.34,-3.17,12.62,11.26,-3.19
HF,7a_Va,7,878,,,,0.015,12.51,11.44,-3.16,12.51,11.43,-3.17
HF,7a_Va,7,879,,,,0.007,12.53,11.20,-3.19,12.53,11.21,-3.22
HF,7a_Va,7,875,,,,0.034,12.61,11.27,-3.18,12.63,11.24,-3.19
HF,7a_Va,7,1536,,,,0.013,12.22,11.16,-3.38,12.23,11.15,-3.41
HF,7a_Va,7,1534,,,,0.040,12.29,11.18,-3.36,12.32,11.16,-3.38
HF,7a_Va,7,1539,,,,0.006,12.28,11.20,-3.37,12.28,11.20,-3.39
HF,7a_Va,7,1538,,,,0.046,12.17,11.18,-3.41,12.22,11.18,-3.40
HF,7a_Va,7,700,,,,0.032,13.00,11.09,-3.26,13.03,11.08,-3.27
HF,7a_Va,7,1812,,,,0.061,12.37,11.14,-3.41,12.34,11.09,-3.43
HF,7a_Va,7,778,,,,0.036,12.57,11.24,-3.16,12.56,11.20,-3.18
HF,7a_Va,7,779,,,,0.016,12.64,11.15,-3.19,12.64,11.13,-3.21
HF,7a_Va,7,780,,,,0.024,12.67,11.19,-3.17,12.67,11.16,-3.18
HF,7a_Va,7,781,,,,0.022,12.68,11.13,-3.19,12.70,11.11,-3.20
HF,7a_Va,7,783,,,,0.006,12.78,11.04,-3.15,12.77,11.04,-3.20
HF,7a_Va,7,1358,,,,0.042,12.83,11.17,-3.25,12.79,11.15,-3.26
HF,7a_Va,7,754,,,,0.014,12.67,11.30,-3.08,12.68,11.30,-3.08
HF,7a_Va,7,785,,,,0.009,12.89,11.04,-3.18,12.89,11.03,-3.24
HF,7a_Va,7,784,,,,0.013,12.83,11.03,-3.17,12.84,11.04,-3.22
HF,7a_Va,7,798,,,,0.021,12.60,11.17,-3.18,12.62,11.18,-3.21
HF,7a_Va,7,1383,,,,0.002,12.33,11.11,-3.34,12.33,11.11,-3.36
HF,7a_Va,7,786,,,,0.026,12.84,11.10,-3.18,12.86,11.12,-3.19
HF,7a_Va,7,787,,,,0.015,12.89,11.14,-3.17,12.90,11.14,-3.19
HF,7a_Va,7,788,,,,0.014,12.90,11.10,-3.17,12.91,11.09,-3.19
HF,7a_Va,7,789,,,,0.017,12.94,11.11,-3.18,12.95,11.10,-3.19
HF,7a_Va,7,791,,,,0.134,12.57,11.41,-3.12,12.63,11.29,-3.14
HF,7a_Va,7,792,,,,0.028,12.64,11.26,-3.16,12.64,11.24,-3.18
HF,7a_Va,7,793,,,,0.014,12.48,11.28,-3.18,12.49,11.29,-3.19
HF,7a_Va,7,794,,,,0.024,12.50,11.26,-3.18,12.52,11.28,-3.18
HF,7a_Va,7,795,,,,0.025,12.42,11.23,-3.23,12.44,11.24,-3.23
HF,7a_Va,7,1051,,,,0.041,12.50,11.21,-3.25,12.49,11.17,-3.26
HF,7a_Va,7,1732,,,,0.029,12.50,11.27,-3.35,12.52,11.26,-3.35
HF,7a_Va,7,1709,,,,0.068,12.26,11.23,-3.43,12.29,11.17,-3.42
HF,7a_Va,7,1726,,,,0.033,12.87,11.19,-3.30,12.90,11.18,-3.31
HF,7a_Va,7,1733,,,,0.040,12.49,11.25,-3.37,12.53,11.24,-3.36
HF,7a_Va,7,1706,,,,0.061,12.23,11.22,-3.42,12.28,11.19,-3.42
HF,7a_Va,7,1705,,,,0.015,12.19,11.12,-3.42,12.18,11.11,-3.44
HF,7a_Va,7,1704,,,,0.033,12.18,11.12,-3.42,12.22,11.12,-3.44
HF,7a_Va,7,1702,,,,0.054,12.48,11.14,-3.37,12.44,11.10,-3.38
HF,7a_Va,7,1772,,,,0.034,12.21,11.19,-3.48,12.21,11.16,-3.48
HF,7a_Va,7,1386,,,,0.022,12.16,11.23,-3.34,12.16,11.25,-3.39
HF,7a_Va,7,1384,,,,0.013,12.31,11.18,-3.33,12.32,11.17,-3.34
HF,7a_Va,7,1054,,,,0.032,12.43,11.36,-3.24,12.43,11.33,-3.24
HF,7a_Va,7,1784,,,,0.058,12.68,11.26,-3.38,12.74,11.25,-3.37
HF,7a_Va,7,1385,,,,0.031,12.21,11.24,-3.37,12.20,11.27,-3.38
HF,7a_Va,7,1771,,,,0.033,12.23,11.10,-3.46,12.22,11.13,-3.48
HF,7a_Va,7,1770,,,,0.013,12.30,11.21,-3.45,12.32,11.20,-3.46
HF,7a_Va,7,1769,,,,0.040,12.28,11.22,-3.46,12.31,11.19,-3.45
HF,7a_Va,7,1768,,,,0.006,12.10,11.33,-3.52,12.10,11.34,-3.53
HF,7a_Va,7,1767,,,,0.054,12.10,11.32,-3.52,12.15,11.35,-3.52
HF,7a_Va,7,1765,,,,0.032,12.34,11.05,-3.44,12.36,11.02,-3.44
HF,7a_Va,10,3275,,,,0.217,10.74,9.34,-3.88,10.69,9.55,-3.91
HF,7a_Va,10,3226,,,,0.064,10.64,9.79,-3.91,10.70,9.77,-3.93
HF,7a_Va,10,3221,,,,0.080,10.62,9.49,-3.86,10.56,9.54,-3.86
HF,7a_Va,10,3228,,,,0.021,10.52,9.92,-3.91,10.50,9.91,-3.95
HF,7a_Va,10,3218,,,,0.110,10.64,9.39,-3.85,10.55,9.46,-3.84
HF,7a_Va,10,3223,,,,0.039,10.69,9.69,-3.91,10.71,9.66,-3.93
HF,7a_Va,10,3217,,,,0.172,10.69,9.39,-3.84,10.84,9.48,-3.89
HF,7a_Va,10,3019,,,,0.028,10.46,9.16,-3.67,10.47,9.13,-3.68
HF,7a_Va,10,3028,,,,0.054,10.64,9.13,-3.66,10.64,9.08,-3.69
HF,7a_Va,10,3173,,,,0.057,10.92,9.97,-3.77,10.94,9.91,-3.78
HF,7a_Va,10,3168,,,,0.027,10.73,9.11,-3.75,10.74,9.08,-3.76
HF,7a_Va,10,3175,,,,0.028,10.44,9.98,-3.86,10.46,9.97,-3.87
HF,7a_Va,10,3179,,,,0.091,10.71,9.85,-3.83,10.68,9.76,-3.84
HF,7a_Va,10,3181,,,,0.046,10.61,9.79,-3.82,10.65,9.77,-3.84
HF,7a_Va,10,3169,,,,0.053,10.75,9.14,-3.76,10.78,9.10,-3.77
HF,7a_Va,10,3134,,,,0.045,10.92,9.90,-3.77,10.88,9.88,-3.76
HF,7a_Va,10,3113,,,,0.026,10.75,9.04,-3.71,10.75,9.07,-3.75
HF,7a_Va,10,3114,,,,0.048,10.69,9.23,-3.73,10.70,9.18,-3.73
HF,7a_Va,10,3147,,,,0.038,10.71,9.03,-3.73,10.71,9.07,-3.73
HF,7a_Va,10,3135,,,,0.050,10.81,9.86,-3.77,10.77,9.83,-3.78
HF,7a_Va,10,3143,,,,0.067,10.52,9.92,-3.84,10.57,9.88,-3.84
HF,7a_Va,10,3146,,,,0.044,10.68,9.16,-3.71,10.71,9.12,-3.72
HF,7a_Va,10,3075,,,,0.076,10.61,9.71,-3.80,10.57,9.78,-3.80
HF,7a_Va,10,3118,,,,0.034,10.77,9.90,-3.76,10.79,9.87,-3.77
HF,7a_Va,10,3199,,,,0.033,10.57,9.84,-3.89,10.58,9.81,-3.89
HF,7a_Va,10,2040,,,,0.030,10.91,9.14,-3.60,10.92,9.11,-3.63
HF,7a_Va,7,1735,,,,0.054,11.90,11.00,-3.65,11.85,10.98,-3.67
HF,7a_Va,7,1083,,,,0.025,11.94,11.05,-3.59,11.94,11.03,-3.60
HF,7a_Va,,620,,,,0.030,13.27,11.13,-3.18,13.29,11.11,-3.20
HF,7a_Va,,629,,,,0.024,12.63,11.50,-3.01,12.63,11.47,-3.02
HF,7a_Va,,658,,,,0.039,12.28,11.46,-3.17,12.30,11.50,-3.17
HF,7a_Va,,674,,,,0.032,12.61,11.58,-3.03,12.58,11.57,-3.04
HF,7a_Va,,675,,,,0.022,12.67,11.56,-3.03,12.67,11.58,-3.05
HF,7a_Va,,673,,,,0.042,12.57,11.62,-2.97,12.56,11.58,-2.99
HF,7a_Va,,630,,,,0.012,12.71,11.42,-3.03,12.71,11.43,-3.03
HF,7a_Va,,659,,,,0.030,12.33,11.48,-3.15,12.33,11.45,-3.16
HF,7a_Va,,660,,,,0.011,12.35,11.41,-3.17,12.35,11.42,-3.18
HF,7a_Va,,662,,,,0.044,12.41,11.48,-3.12,12.40,11.44,-3.16
HF,7a_Va,,609,,,,0.008,13.40,11.07,-3.11,13.41,11.07,-3.13
HF,7a_Va,,631,,,,0.054,12.74,11.57,-3.01,12.79,11.56,-3.02
HF,7a_Va,,632,,,,0.034,12.84,11.52,-3.00,12.81,11.53,-3.01
HF,7a_Va,,627,,,,0.030,12.49,11.52,-3.03,12.49,11.49,-3.06
HF,7a_Va,,676,,,,0.030,12.73,11.54,-3.03,12.71,11.56,-3.05
HF,7a_Va,,633,,,,0.075,12.87,11.56,-2.97,12.88,11.49,-2.99
HF,7a_Va,,628,,,,0.044,12.59,11.59,-2.99,12.63,11.57,-3.00
HF,7a_Va,,657,,,,0.035,12.29,11.50,-3.16,12.25,11.50,-3.17
HF,7a_Va,,679,,,,0.093,12.86,11.47,-3.01,12.77,11.49,-3.02
HF,7a_Va,,677,,,,0.048,12.74,11.54,-3.03,12.70,11.55,-3.04
HF,7a_Va,,678,,,,0.064,12.80,11.53,-3.00,12.74,11.52,-3.03
HF,7a_Va,,636,,,,0.043,12.33,11.59,-3.00,12.34,11.55,-3.02
HF,7a_Va,,655,,,,0.078,12.18,11.38,-3.21,12.11,11.38,-3.24
HF,7a_Va,,581,,,,0.036,13.71,11.25,-2.84,13.69,11.22,-2.85
HF,7a_Va,,593,,,,0.030,13.22,11.21,-3.06,13.24,11.23,-3.08
HF,7a_Va,,671,,,,0.011,13.01,11.08,-3.15,13.00,11.07,-3.15
HF,7a_Va,,596,,,,0.029,13.02,11.16,-3.11,13.00,11.14,-3.12
HF,7a_Va,,1329,,,,0.011,12.40,11.18,-3.31,12.41,11.20,-3.33
HF,7a_Va,,656,,,,0.027,12.21,11.41,-3.19,12.21,11.43,-3.20
HF,7a_Va,,605,,,,0.029,13.92,11.35,-2.82,13.90,11.33,-2.83
HF,7a_Va,,598,,,,0.019,13.12,11.12,-3.13,13.14,11.10,-3.14
HF,7a_Va,,651,,,,0.024,12.45,11.28,-3.17,12.43,11.29,-3.17
HF,7a_Va,,666,,,,0.049,12.47,11.18,-3.22,12.45,11.13,-3.23
HF,7a_Va,,667,,,,0.025,12.50,11.16,-3.19,12.47,11.16,-3.21
HF,7a_Va,,649,,,,0.028,12.28,11.42,-3.15,12.29,11.45,-3.15
HF,7a_Va,,606,,,,0.012,13.83,11.44,-2.82,13.84,11.43,-2.82
HF,7a_Va,,664,,,,0.050,12.44,11.49,-3.11,12.49,11.47,-3.13
HF,7a_Va,,588,,,,0.043,13.81,11.23,-2.84,13.80,11.27,-2.84
HF,7a_Va,,644,,,,0.042,12.10,11.30,-3.26,12.13,11.27,-3.27
HF,7a_Va,,595,,,,0.031,13.19,11.12,-3.13,13.21,11.15,-3.14
HF,7a_Va,,645,,,,0.030,12.05,11.38,-3.26,12.02,11.39,-3.27
HF,7a_Va,,646,,,,0.026,12.13,11.43,-3.19,12.13,11.45,-3.20
HF,7a_Va,,647,,,,0.023,12.18,11.42,-3.19,12.16,11.40,-3.19
HF,7a_Va,,648,,,,0.028,12.20,11.50,-3.17,12.18,11.51,-3.18
HF,7a_Va,,1354,,,,0.031,12.90,11.03,-3.26,12.93,11.02,-3.26
HF,7a_Va,,1060,,,,0.032,12.29,11.54,-3.22,12.28,11.51,-3.23
HF,7a_Va,,1061,,,,0.160,12.49,11.51,-3.19,12.33,11.50,-3.23
HF,7a_Va,,1353,,,,0.025,12.90,11.03,-3.26,12.92,11.02,-3.26
HF,7a_Va,,657,,,,0.039,13.82,11.16,-3.11,13.84,11.20,-3.11
HF,7a_Va,,658,,,,0.038,13.87,11.16,-3.11,13.91,11.17,-3.11
HF,7a_Va,,659,,,,0.021,13.52,11.12,-3.17,13.54,11.12,-3.20
HF,7a_Va,,647,,,,0.068,13.76,11.16,-3.08,13.79,11.10,-3.11
HF,7a_Va,,648,,,,0.034,13.54,11.21,-3.08,13.53,11.18,-3.10
HF,7a_Va,,744,,,,0.017,12.57,11.43,-3.11,12.57,11.41,-3.11
HF,7a_Va,,748,,,,0.025,12.69,11.43,-3.08,12.70,11.41,-3.09
HF,7a_Va,,750,,,,0.017,12.62,11.48,-3.10,12.63,11.48,-3.11
HF,7a_Va,,1357,,,,0.028,12.93,11.05,-3.25,12.91,11.03,-3.27
HF,7a_Va,,673,,,,0.020,13.30,11.57,-3.09,13.32,11.56,-3.13
HF,7a_Va,,739,,,,0.019,12.82,11.15,-3.13,12.82,11.13,-3.13
HF,7a_Va,,731,,,,0.034,12.68,11.51,-3.08,12.65,11.49,-3.12
HF,7a_Va,,736,,,,0.028,12.79,11.34,-3.07,12.80,11.32,-3.09
HF,7a_Va,,730,,,,0.041,12.82,11.37,-3.09,12.85,11.34,-3.09
HF,7a_Va,,698,,,,0.129,12.85,11.54,-3.01,12.73,11.58,-3.04
HF,7a_Va,,612,,,,0.029,13.50,11.16,-3.06,13.47,11.15,-3.07
HF,7a_Va,,699,,,,0.046,12.81,11.57,-3.03,12.76,11.58,-3.06
HF,7a_Va,,700,,,,0.049,12.86,11.57,-3.04,12.81,11.57,-3.05
HF,7a_Va,,701,,,,0.038,12.79,11.56,-3.05,12.75,11.57,-3.06
HF,7a_Va,,702,,,,0.065,12.76,11.61,-3.04,12.82,11.61,-3.03
HF,7a_Va,,714,,,,0.034,12.40,11.62,-3.05,12.43,11.64,-3.06
HF,7a_Va,,682,,,,0.034,12.79,11.58,-3.02,12.77,11.60,-3.02
HF,7a_Va,,683,,,,0.100,12.90,11.56,-3.00,12.89,11.66,-2.88
HF,7a_Va,,684,,,,0.024,12.86,11.54,-3.01,12.87,11.56,-3.02
HF,7a_Va,,688,,,,0.018,12.75,11.39,-3.05,12.76,11.41,-3.07
HF,7a_Va,,689,,,,0.031,12.80,11.30,-3.05,12.77,11.30,-3.05
HF,7a_Va,,697,,,,0.068,12.88,11.04,-3.22,12.81,11.05,-3.21
HF,7a_Va,,691,,,,0.026,12.74,11.26,-3.06,12.73,11.24,-3.10
HF,7a_Va,,692,,,,0.052,12.69,11.08,-3.13,12.74,11.07,-3.15
HF,7a_Va,,693,,,,0.027,12.50,11.11,-3.17,12.51,11.09,-3.17
HF,7a_Va,,694,,,,0.016,12.55,11.37,-3.08,12.56,11.38,-3.08
HF,7a_Va,,696,,,,0.019,12.89,11.04,-3.15,12.88,11.05,-3.15
HF,7a_Va,,1344,,,,0.031,12.66,11.12,-3.26,12.63,11.10,-3.27
HF,7a_Va,,625,,,,0.030,13.75,11.07,-3.12,13.76,11.10,-3.12
HF,7a_Va,,1346,,,,0.019,12.81,11.05,-3.26,12.83,11.05,-3.26
HF,7a_Va,,1349,,,,0.015,12.88,11.07,-3.24,12.88,11.05,-3.26
HF,7a_Va,,1351,,,,0.022,12.89,11.02,-3.26,12.91,11.03,-3.26
HF,7a_Va,,718,,,,0.050,12.20,11.71,-3.15,12.17,11.67,-3.15
HF,7a_Va,,721,,,,0.026,12.61,11.65,-2.95,12.58,11.64,-2.95
HF,7a_Va,,680,,,,0.023,12.76,11.59,-3.02,12.78,11.60,-3.02
HF,7a_Va,,623,,,,0.043,13.70,11.07,-3.14,13.73,11.10,-3.14
HF,7a_Va,,1330,,,,0.027,12.38,11.20,-3.31,12.40,11.20,-3.33
HF,7a_Va,,298,,,,0.035,14.04,11.40,-2.71,14.01,11.39,-2.71
HF,7a_Va,,1334,,,,0.043,12.46,11.22,-3.29,12.42,11.23,-3.29
HF,7a_Va,,624,,,,0.026,13.74,11.08,-3.11,13.74,11.10,-3.14
HF,7a_Va,,1187,,,,0.033,12.22,11.44,-3.27,12.19,11.43,-3.29
HF,7a_Va,,1194,,,,0.006,12.16,11.42,-3.31,12.15,11.42,-3.32
HF,7a_Va,,1198,,,,0.022,12.91,11.04,-3.23,12.93,11.02,-3.25
HF,7a_Va,,1199,,,,0.071,12.53,11.24,-3.25,12.60,11.23,-3.24
HF,7a_Va,,1186,,,,0.058,12.23,11.41,-3.28,12.18,11.39,-3.31
HF,7a_Va,,1200,,,,0.030,12.59,11.21,-3.24,12.62,11.21,-3.24
HF,7a_Va,,1214,,,,0.025,12.93,11.05,-3.23,12.93,11.02,-3.25
HF,7a_Va,,1166,,,,0.039,12.11,11.74,-3.26,12.07,11.74,-3.26
HF,7a_Va,,396,,,,0.033,14.07,11.05,-3.12,14.07,11.02,-3.13
HF,7a_Va,,1167,,,,0.041,12.31,11.62,-3.23,12.27,11.62,-3.24
HF,7a_Va,,1168,,,,0.031,12.28,11.62,-3.22,12.31,11.63,-3.24
HF,7a_Va,,1169,,,,0.028,12.33,11.56,-3.22,12.31,11.54,-3.23
HF,7a_Va,,1231,,,,0.095,12.03,11.59,-3.29,12.13,11.57,-3.29
HF,7a_Va,,1251,,,,0.038,12.76,11.10,-3.23,12.74,11.07,-3.25
HF,7a_Va,,1184,,,,0.024,12.10,11.48,-3.28,12.07,11.49,-3.28
HF,7a_Va,,1185,,,,0.056,12.11,11.48,-3.29,12.17,11.49,-3.30
HF,7a_Va,,987,,,,0.026,12.82,11.12,-3.20,12.84,11.12,-3.20
HF,7a_Va,,1229,,,,0.078,12.11,11.60,-3.28,12.03,11.61,-3.29
HF,7a_Va,,991,,,,0.034,12.58,11.30,-3.21,12.58,11.27,-3.21
HF,7a_Va,,986,,,,0.020,12.72,11.17,-3.21,12.74,11.16,-3.21
HF,7a_Va,,985,,,,0.043,12.75,11.08,-3.22,12.71,11.07,-3.23
HF,7a_Va,,989,,,,0.027,12.73,11.22,-3.20,12.76,11.23,-3.20
HF,7a_Va,,1232,,,,0.035,12.55,11.58,-3.23,12.52,11.59,-3.24
HF,7a_Va,,1003,,,,0.065,12.77,11.30,-3.20,12.71,11.31,-3.21
HF,7a_Va,,995,,,,0.077,12.59,11.57,-3.12,12.55,11.51,-3.14
HF,7a_Va,,1233,,,,0.073,12.45,11.76,-3.23,12.37,11.75,-3.28
HF,7a_Va,,999,,,,0.017,12.74,11.05,-3.22,12.74,11.04,-3.28
HF,7a_Va,,996,,,,0.036,12.55,11.54,-3.14,12.59,11.52,-3.13
HF,7a_Va,,1015,,,,0.040,12.08,11.82,-3.23,12.04,11.80,-3.23
HF,7a_Va,,1022,,,,0.038,12.54,11.57,-3.13,12.51,11.55,-3.15
HF,7a_Va,,1021,,,,0.046,12.48,11.60,-3.17,12.47,11.56,-3.18
HF,7a_Va,,1020,,,,0.009,12.42,11.66,-3.17,12.42,11.65,-3.19
HF,7a_Va,,1019,,,,0.012,12.25,11.71,-3.18,12.25,11.72,-3.22
HF,7a_Va,,1018,,,,0.017,12.21,11.69,-3.20,12.21,11.68,-3.21
HF,7a_Va,,1017,,,,0.059,12.09,11.61,-3.23,12.07,11.67,-3.26
HF,7a_Va,,1016,,,,0.064,12.17,11.67,-3.22,12.11,11.65,-3.23
HF,7a_Va,,1031,,,,0.039,12.12,11.68,-3.23,12.08,11.66,-3.25
HF,7a_Va,,1030,,,,0.080,12.02,11.64,-3.26,12.10,11.62,-3.26
HF,7a_Va,,1028,,,,0.053,12.16,11.56,-3.21,12.14,11.51,-3.23
HF,7a_Va,,1024,,,,0.034,12.42,11.64,-3.18,12.39,11.66,-3.19
HF,7a_Va,,1059,,,,0.067,12.26,11.55,-3.23,12.24,11.48,-3.25
HF,7a_Va,,1025,,,,0.171,12.43,11.60,-3.18,12.26,11.57,-3.20
HF,7a_Va,,1141,,,,0.026,12.79,11.12,-3.22,12.77,11.10,-3.23
HF,7a_Va,,1144,,,,0.024,12.72,11.15,-3.23,12.72,11.12,-3.22
HF,7a_Va,,1153,,,,0.022,12.52,11.42,-3.24,12.53,11.39,-3.24
HF,7a_Va,,1140,,,,0.018,12.76,11.08,-3.22,12.77,11.10,-3.22
HF,7a_Va,,1164,,,,0.061,12.15,11.71,-3.25,12.09,11.72,-3.24
HF,7a_Va,,1165,,,,0.058,12.13,11.69,-3.25,12.07,11.68,-3.26
HF,7a_Va,,1014,,,,0.061,12.17,11.65,-3.21,12.14,11.60,-3.22
HF,7a_Va,,1127,,,,0.031,12.43,11.32,-3.25,12.42,11.30,-3.26
HF,7a_Va,,1131,,,,0.039,12.19,11.51,-3.27,12.21,11.47,-3.28
HF,7a_Va,,1133,,,,0.008,12.36,11.35,-3.26,12.37,11.36,-3.29
HF,7a_Va,,1138,,,,0.007,12.93,11.05,-3.21,12.93,11.04,-3.23
HF,7a_Va,,391,,,,0.051,14.12,11.06,-3.07,14.17,11.06,-3.07
HF,7a_Va,,568,,,,0.016,13.20,11.51,-2.95,13.20,11.52,-3.01
HF,7a_Va,,1286,,,,0.019,12.69,11.08,-3.26,12.71,11.09,-3.26
HF,7a_Va,,1279,,,,0.020,12.57,11.22,-3.25,12.59,11.22,-3.25
HF,7a_Va,,1290,,,,0.041,12.67,11.23,-3.24,12.70,11.20,-3.24
HF,7a_Va,,1291,,,,0.039,12.63,11.30,-3.26,12.67,11.28,-3.25
HF,7a_Va,,1292,,,,0.060,12.67,11.28,-3.26,12.72,11.32,-3.25
HF,7a_Va,,1289,,,,0.042,12.64,11.15,-3.26,12.68,11.16,-3.26
HF,7a_Va,,984,,,,0.038,12.68,11.11,-3.21,12.64,11.11,-3.25
HF,7a_Va,,1281,,,,0.009,12.65,11.21,-3.24,12.65,11.20,-3.25
HF,7a_Va,,551,,,,0.047,13.93,11.22,-2.77,13.89,11.20,-2.79
HF,7a_Va,,977,,,,0.017,12.76,11.11,-3.21,12.77,11.11,-3.21
HF,7a_Va,,1270,,,,0.022,12.14,11.42,-3.31,12.14,11.39,-3.33
HF,7a_Va,,1278,,,,0.031,12.54,11.20,-3.26,12.57,11.21,-3.25
HF,7a_Va,,618,,,,0.031,12.10,11.33,-3.22,12.13,11.32,-3.22
HF,7a_Va,,573,,,,0.023,13.60,11.30,-2.91,13.58,11.30,-2.91
HF,7a_Va,,1324,,,,0.037,12.16,11.50,-3.32,12.20,11.48,-3.31
HF,7a_Va,,1325,,,,0.021,12.21,11.50,-3.31,12.22,11.48,-3.32
HF,7a_Va,,1328,,,,0.037,12.06,11.36,-3.33,12.03,11.37,-3.35
HF,7a_Va,,1322,,,,0.040,12.14,11.52,-3.31,12.15,11.48,-3.33
HF,7a_Va,,619,,,,0.018,12.12,11.40,-3.16,12.12,11.38,-3.16
HF,7a_Va,,620,,,,0.048,12.31,11.51,-3.11,12.33,11.47,-3.14
HF,7a_Va,,380,,,,0.073,14.50,11.19,-2.88,14.52,11.12,-2.89
HF,7a_Va,,1293,,,,0.014,12.51,11.21,-3.25,12.53,11.22,-3.27
HF,7a_Va,,1305,,,,0.088,12.04,11.54,-3.32,12.13,11.52,-3.32
HF,7a_Va,,1307,,,,0.048,12.51,11.69,-3.29,12.53,11.65,-3.30
HF,7a_Va,,572,,,,0.034,13.86,11.27,-2.79,13.83,11.27,-2.79
HF,7a_Va,,1323,,,,0.040,12.17,11.45,-3.31,12.18,11.41,-3.34
HF,7a_Va,,386,,,,0.053,14.50,11.15,-3.01,14.52,11.10,-3.01
HF,7a_Va,,561,,,,0.013,13.43,11.50,-2.84,13.43,11.51,-2.84
HF,7a_Va,,1266,,,,0.052,12.12,11.29,-3.32,12.09,11.33,-3.35
HF,7a_Va,,979,,,,0.021,12.75,11.13,-3.21,12.73,11.14,-3.21
HF,7a_Va,,1267,,,,0.067,12.47,11.23,-3.27,12.40,11.24,-3.29
HF,7a_Va,,556,,,,0.022,13.23,11.27,-3.01,13.22,11.25,-3.02
HF,7a_Va,,559,,,,0.024,13.15,11.16,-3.06,13.13,11.15,-3.07
HF,7a_Va,,560,,,,0.019,13.10,11.45,-2.96,13.11,11.46,-2.97
HF,7a_Va,,982,,,,0.016,12.71,11.12,-3.22,12.72,11.11,-3.22
HF,7a_Va,,1257,,,,0.048,12.25,11.28,-3.31,12.25,11.23,-3.35
HF,7a_Va,,1262,,,,0.024,12.22,11.49,-3.29,12.21,11.47,-3.31
HF,7a_Va,,1263,,,,0.032,12.31,11.20,-3.33,12.32,11.23,-3.34
HF,7a_Va,,1265,,,,0.033,12.44,11.20,-3.28,12.41,11.19,-3.31
HF,7a_Va,,562,,,,0.030,13.44,11.48,-2.84,13.45,11.51,-2.84
HF,7a_Va,,1445,,,,0.033,12.18,11.59,-3.36,12.21,11.60,-3.36
HF,7a_Va,,1451,,,,0.046,12.03,11.62,-3.41,12.08,11.63,-3.41
HF,7a_Va,,1412,,,,0.041,12.54,11.19,-3.28,12.50,11.19,-3.29
HF,7a_Va,,1446,,,,0.076,12.41,11.72,-3.32,12.35,11.67,-3.31
HF,7a_Va,,354,,,,0.037,14.45,11.18,-2.87,14.44,11.22,-2.87
HF,7a_Va,,352,,,,0.042,14.35,11.30,-2.90,14.31,11.29,-2.91
HF,7a_Va,,1576,,,,0.021,12.59,11.18,-3.30,12.61,11.17,-3.29
HF,7a_Va,,1581,,,,0.017,12.64,11.45,-3.32,12.66,11.46,-3.32
HF,7a_Va,,1580,,,,0.025,12.56,11.45,-3.32,12.58,11.43,-3.32
HF,7a_Va,,350,,,,0.052,14.26,11.52,-2.92,14.27,11.47,-2.92
HF,7a_Va,,1575,,,,0.023,12.88,11.05,-3.28,12.89,11.02,-3.28
HF,7a_Va,,1453,,,,0.021,12.04,11.49,-3.36,12.05,11.48,-3.38
HF,7a_Va,,1571,,,,0.022,12.49,11.19,-3.31,12.49,11.17,-3.31
HF,7a_Va,,1570,,,,0.014,12.50,11.17,-3.32,12.51,11.16,-3.32
HF,7a_Va,,1601,,,,0.019,12.86,11.61,-3.31,12.86,11.59,-3.31
HF,7a_Va,,1058,,,,0.050,12.22,11.54,-3.24,12.18,11.51,-3.25
HF,7a_Va,,351,,,,0.048,14.37,11.37,-2.88,14.33,11.40,-2.91
HF,7a_Va,,1596,,,,0.042,12.17,11.51,-3.41,12.13,11.51,-3.42
HF,7a_Va,,1595,,,,0.033,12.26,11.52,-3.39,12.23,11.51,-3.40
HF,7a_Va,,1594,,,,0.058,12.18,11.71,-3.45,12.13,11.68,-3.46
HF,7a_Va,,1593,,,,0.026,12.22,11.71,-3.43,12.20,11.69,-3.44
HF,7a_Va,,1602,,,,0.015,12.84,11.62,-3.31,12.83,11.63,-3.34
HF,7a_Va,,408,,,,0.048,14.14,11.06,-3.13,14.12,11.01,-3.14
HF,7a_Va,,1414,,,,0.045,12.62,11.16,-3.27,12.67,11.15,-3.27
HF,7a_Va,,1416,,,,0.043,12.92,11.03,-3.26,12.97,11.03,-3.26
HF,7a_Va,,1417,,,,0.017,12.65,11.40,-3.28,12.64,11.38,-3.28
HF,7a_Va,,1429,,,,0.006,12.80,11.50,-3.26,12.80,11.50,-3.27
HF,7a_Va,,1424,,,,0.048,12.16,11.71,-3.31,12.11,11.72,-3.34
HF,7a_Va,,1622,,,,0.035,12.13,11.27,-3.41,12.14,11.31,-3.45
HF,7a_Va,,1626,,,,0.020,12.07,11.42,-3.44,12.05,11.43,-3.45
HF,7a_Va,,1443,,,,0.038,12.44,11.19,-3.30,12.48,11.17,-3.30
HF,7a_Va,,1410,,,,0.044,12.55,11.21,-3.28,12.59,11.20,-3.28
HF,7a_Va,,1425,,,,0.040,12.15,11.73,-3.34,12.12,11.73,-3.35
HF,7a_Va,,1627,,,,0.038,12.33,11.40,-3.39,12.29,11.40,-3.39
HF,7a_Va,,948,,,,0.044,12.21,11.27,-3.27,12.22,11.23,-3.28
HF,7a_Va,,1563,,,,0.019,12.55,11.17,-3.29,12.56,11.16,-3.29
HF,7a_Va,,947,,,,0.025,12.16,11.32,-3.27,12.13,11.32,-3.29
HF,7a_Va,,946,,,,0.006,12.12,11.33,-3.27,12.12,11.32,-3.29
HF,7a_Va,,939,,,,0.029,12.26,11.44,-3.22,12.28,11.42,-3.22
HF,7a_Va,,949,,,,0.012,12.25,11.22,-3.26,12.24,11.22,-3.29
HF,7a_Va,,1103,,,,0.031,12.49,11.60,-3.21,12.48,11.57,-3.22
HF,7a_Va,,1466,,,,0.035,12.13,11.39,-3.41,12.16,11.38,-3.40
HF,7a_Va,,1465,,,,0.067,12.29,11.47,-3.35,12.23,11.49,-3.39
HF,7a_Va,,1464,,,,0.021,12.16,11.08,-3.39,12.17,11.06,-3.39
HF,7a_Va,,689,,,,0.033,13.93,11.14,-3.13,13.90,11.14,-3.13
HF,7a_Va,,685,,,,0.043,13.15,11.52,-3.18,13.19,11.51,-3.20
HF,7a_Va,,1104,,,,0.057,12.11,11.60,-3.25,12.16,11.62,-3.25
HF,7a_Va,,1105,,,,0.066,12.27,11.64,-3.22,12.33,11.62,-3.21
HF,7a_Va,,686,,,,0.037,13.18,11.52,-3.23,13.21,11.52,-3.21
HF,7a_Va,,890,,,,0.021,12.34,11.55,-3.17,12.35,11.58,-3.18
HF,7a_Va,,895,,,,0.046,12.26,11.69,-3.17,12.28,11.64,-3.19
HF,7a_Va,,1461,,,,0.040,12.26,11.34,-3.37,12.25,11.30,-3.39
HF,7a_Va,,889,,,,0.013,12.41,11.55,-3.16,12.41,11.56,-3.18
HF,7a_Va,,1460,,,,0.035,12.17,11.32,-3.38,12.20,11.33,-3.40
HF,7a_Va,,908,,,,0.032,12.78,11.56,-3.13,12.75,11.56,-3.14
HF,7a_Va,,906,,,,0.066,12.72,11.57,-3.12,12.66,11.54,-3.12
HF,7a_Va,,900,,,,0.083,12.55,11.57,-3.09,12.51,11.50,-3.14
HF,7a_Va,,898,,,,0.023,12.18,11.70,-3.17,12.20,11.71,-3.20
HF,7a_Va,,937,,,,0.037,12.27,11.49,-3.22,12.24,11.46,-3.22
HF,7a_Va,,935,,,,0.040,12.23,11.53,-3.18,12.22,11.49,-3.23
HF,7a_Va,,938,,,,0.031,12.24,11.43,-3.22,12.26,11.41,-3.24
HF,7a_Va,,933,,,,0.016,12.52,11.52,-3.14,12.53,11.51,-3.17
HF,7a_Va,,884,,,,0.019,12.64,11.38,-3.16,12.63,11.37,-3.17
HF,7a_Va,,888,,,,0.008,12.44,11.55,-3.15,12.45,11.54,-3.18
HF,7a_Va,,966,,,,0.052,12.13,11.25,-3.27,12.15,11.20,-3.28
HF,7a_Va,,337,,,,0.046,14.39,11.36,-2.84,14.44,11.34,-2.84
HF,7a_Va,,1455,,,,0.015,12.08,11.53,-3.37,12.09,11.52,-3.38
HF,7a_Va,,1457,,,,0.010,12.11,11.51,-3.37,12.11,11.50,-3.38
HF,7a_Va,,1458,,,,0.033,12.13,11.46,-3.37,12.11,11.44,-3.39
HF,7a_Va,,1459,,,,0.013,12.13,11.42,-3.38,12.14,11.41,-3.40
HF,7a_Va,,971,,,,0.032,12.12,11.54,-3.22,12.15,11.54,-3.23
HF,7a_Va,,967,,,,0.024,12.13,11.28,-3.28,12.12,11.27,-3.29
HF,7a_Va,,1545,,,,0.017,12.10,11.39,-3.41,12.12,11.39,-3.43
HF,7a_Va,,1562,,,,0.019,12.55,11.16,-3.31,12.56,11.15,-3.30
HF,7a_Va,,1560,,,,0.027,12.56,11.15,-3.29,12.59,11.16,-3.30
HF,7a_Va,,1454,,,,0.017,12.06,11.50,-3.36,12.07,11.49,-3.37
HF,7a_Va,,1547,,,,0.043,12.05,11.37,-3.41,12.09,11.34,-3.43
HF,7a_Va,,1542,,,,0.008,12.05,11.44,-3.39,12.06,11.43,-3.42
HF,7a_Va,,1541,,,,0.017,12.18,11.42,-3.39,12.19,11.42,-3.41
HF,7a_Va,,1497,,,,0.019,12.53,11.14,-3.30,12.52,11.16,-3.32
HF,7a_Va,,1493,,,,0.027,12.55,11.19,-3.29,12.57,11.19,-3.29
HF,7a_Va,,1491,,,,0.023,12.61,11.13,-3.28,12.60,11.11,-3.29
HF,7a_Va,,1489,,,,0.032,12.79,11.04,-3.27,12.82,11.06,-3.28
HF,7a_Va,,1504,,,,0.106,12.65,11.37,-3.28,12.56,11.43,-3.32
HF,7a_Va,,1488,,,,0.024,12.80,11.02,-3.27,12.83,11.02,-3.27
HF,7a_Va,,1486,,,,0.044,12.90,11.08,-3.27,12.86,11.06,-3.27
HF,7a_Va,,1485,,,,0.016,12.91,11.03,-3.27,12.92,11.04,-3.28
HF,7a_Va,,1482,,,,0.015,12.95,11.03,-3.26,12.95,11.02,-3.27
HF,7a_Va,,1481,,,,0.013,12.96,11.00,-3.25,12.97,11.00,-3.28
HF,7a_Va,,1472,,,,0.021,12.09,11.41,-3.38,12.10,11.40,-3.41
HF,7a_Va,,961,,,,0.037,12.17,11.57,-3.20,12.20,11.55,-3.19
HF,7a_Va,,965,,,,0.038,12.10,11.51,-3.25,12.13,11.48,-3.26
HF,7a_Va,,964,,,,0.034,12.45,11.54,-3.17,12.41,11.54,-3.19
HF,7a_Va,,963,,,,0.031,12.26,11.56,-3.19,12.29,11.55,-3.20
HF,7a_Va,,1470,,,,0.033,12.46,11.45,-3.33,12.49,11.45,-3.33
HF,7a_Va,,959,,,,0.019,12.25,11.55,-3.18,12.24,11.57,-3.20
HF,7a_Va,,1516,,,,0.029,12.86,11.56,-3.28,12.88,11.58,-3.28
HF,7a_Va,,958,,,,0.017,12.40,11.43,-3.22,12.42,11.43,-3.23
HF,7a_Va,,957,,,,0.017,12.48,11.44,-3.19,12.47,11.42,-3.20
HF,7a_Va,,955,,,,0.019,12.42,11.39,-3.22,12.42,11.37,-3.23
HF,7a_Va,,962,,,,0.056,12.26,11.57,-3.19,12.31,11.55,-3.19
HF,7a_Va,,1814,,,,0.118,12.63,11.11,-3.35,12.73,11.04,-3.33
HF,7a_Va,,1085,,,,0.043,12.64,11.27,-3.21,12.68,11.26,-3.21
HF,7a_Va,,1055,,,,0.042,12.47,11.40,-3.22,12.46,11.36,-3.22
HF,7a_Va,,835,,,,0.045,12.40,11.34,-3.21,12.38,11.30,-3.22
HF,7a_Va,,370,,,,0.035,14.36,11.10,-2.96,14.32,11.09,-2.97
HF,7a_Va,,1080,,,,0.012,12.81,11.09,-3.20,12.82,11.10,-3.21
HF,7a_Va,,1082,,,,0.046,12.96,11.06,-3.19,12.91,11.06,-3.20
HF,7a_Va,,1083,,,,0.030,12.61,11.05,-3.26,12.63,11.03,-3.29
HF,7a_Va,,1086,,,,0.050,12.63,11.04,-3.27,12.66,11.00,-3.29
HF,7a_Va,,369,,,,0.053,14.16,11.05,-3.02,14.11,11.02,-3.02
HF,7a_Va,,368,,,,0.048,14.12,11.07,-2.98,14.08,11.04,-3.01
HF,7a_Va,,846,,,,0.016,12.33,11.41,-3.19,12.34,11.40,-3.19
HF,7a_Va,,847,,,,0.038,12.18,11.44,-3.23,12.14,11.45,-3.24
HF,7a_Va,,848,,,,0.208,12.44,11.44,-3.18,12.23,11.45,-3.22
HF,7a_Va,,849,,,,0.122,12.30,11.48,-3.17,12.19,11.53,-3.18
HF,7a_Va,,850,,,,0.027,12.37,11.51,-3.16,12.36,11.48,-3.18
HF,7a_Va,,845,,,,0.027,12.28,11.38,-3.22,12.28,11.36,-3.24
HF,7a_Va,,851,,,,0.069,12.49,11.51,-3.15,12.43,11.48,-3.17
HF,7a_Va,,852,,,,0.048,12.47,11.37,-3.18,12.46,11.32,-3.20
HF,7a_Va,,858,,,,0.021,12.11,11.30,-3.27,12.12,11.28,-3.28
HF,7a_Va,,1078,,,,0.047,12.74,11.12,-3.23,12.78,11.09,-3.22
HF,7a_Va,,837,,,,0.017,12.44,11.22,-3.22,12.42,11.22,-3.25
HF,7a_Va,,1087,,,,0.023,12.74,11.28,-3.23,12.76,11.27,-3.22
HF,7a_Va,,1088,,,,0.038,12.69,11.36,-3.22,12.73,11.34,-3.21
HF,7a_Va,,1089,,,,0.030,12.63,11.44,-3.21,12.66,11.42,-3.21
HF,7a_Va,,836,,,,0.035,12.40,11.24,-3.24,12.38,11.21,-3.25
HF,7a_Va,,763,,,,0.052,13.80,11.00,-3.22,13.75,11.03,-3.23
HF,7a_Va,,839,,,,0.017,12.34,11.33,-3.20,12.35,11.32,-3.21
HF,7a_Va,,841,,,,0.025,12.38,11.52,-3.14,12.38,11.49,-3.17
HF,7a_Va,,843,,,,0.015,12.18,11.52,-3.18,12.18,11.51,-3.20
HF,7a_Va,,844,,,,0.019,12.12,11.34,-3.27,12.13,11.33,-3.27
HF,7a_Va,,838,,,,0.016,12.49,11.19,-3.22,12.49,11.17,-3.23
HF,7a_Va,,1069,,,,0.018,12.53,11.21,-3.24,12.55,11.21,-3.24
HF,7a_Va,,776,,,,0.039,12.78,11.51,-3.11,12.79,11.47,-3.11
HF,7a_Va,,1079,,,,0.009,12.83,11.11,-3.19,12.82,11.11,-3.22
HF,7a_Va,,777,,,,0.031,12.55,11.48,-3.13,12.53,11.45,-3.15
HF,7a_Va,,372,,,,0.037,14.52,11.23,-2.87,14.49,11.24,-2.87
HF,7a_Va,,769,,,,0.040,12.43,11.67,-3.11,12.47,11.66,-3.11
HF,7a_Va,,1368,,,,0.036,12.09,11.63,-3.35,12.13,11.62,-3.34
HF,7a_Va,,799,,,,0.020,12.51,11.50,-3.10,12.52,11.52,-3.13
HF,7a_Va,,800,,,,0.015,12.52,11.44,-3.14,12.51,11.42,-3.15
HF,7a_Va,,812,,,,0.008,12.76,11.58,-3.09,12.77,11.57,-3.09
HF,7a_Va,,814,,,,0.037,12.81,11.60,-3.08,12.81,11.63,-3.09
HF,7a_Va,,817,,,,0.015,12.56,11.55,-3.07,12.56,11.56,-3.09
HF,7a_Va,,822,,,,0.074,12.48,11.66,-3.11,12.55,11.67,-3.10
HF,7a_Va,,823,,,,0.018,12.70,11.59,-3.07,12.68,11.59,-3.07
HF,7a_Va,,1073,,,,0.045,12.62,11.24,-3.22,12.66,11.21,-3.22
HF,7a_Va,,1076,,,,0.021,12.70,11.10,-3.23,12.72,11.10,-3.22
HF,7a_Va,,371,,,,0.036,14.56,11.18,-2.85,14.53,11.16,-2.87
HF,7a_Va,,423,,,,0.027,12.02,11.52,-3.34,12.01,11.54,-3.34
HF,7a_Va,,1714,,,,0.031,12.38,11.34,-3.42,12.41,11.34,-3.42
HF,7a_Va,,1713,,,,0.034,12.35,11.37,-3.43,12.31,11.38,-3.45
HF,7a_Va,,1393,,,,0.025,12.16,11.51,-3.35,12.18,11.52,-3.35
HF,7a_Va,,1394,,,,0.052,12.04,11.52,-3.34,12.09,11.51,-3.34
HF,7a_Va,,1395,,,,0.014,12.11,11.50,-3.34,12.12,11.49,-3.36
HF,7a_Va,,1711,,,,0.032,12.11,11.31,-3.48,12.15,11.31,-3.48
HF,7a_Va,,1710,,,,0.031,12.22,11.34,-3.46,12.19,11.32,-3.47
HF,7a_Va,,1708,,,,0.036,12.08,11.40,-3.47,12.12,11.38,-3.46
HF,7a_Va,,1712,,,,0.024,12.15,11.32,-3.48,12.17,11.33,-3.47
HF,7a_Va,,1102,,,,0.039,12.29,11.60,-3.22,12.33,11.61,-3.21
HF,7a_Va,,1741,,,,0.033,12.18,11.72,-3.54,12.21,11.70,-3.53
HF,7a_Va,,1740,,,,0.014,12.18,11.69,-3.51,12.17,11.68,-3.54
HF,7a_Va,,1398,,,,0.009,12.07,11.48,-3.36,12.07,11.47,-3.37
HF,7a_Va,,1397,,,,0.011,12.04,11.51,-3.35,12.03,11.50,-3.36
HF,7a_Va,,1401,,,,0.076,12.12,11.03,-3.27,12.19,11.04,-3.27
HF,7a_Va,,1411,,,,0.024,12.49,11.21,-3.29,12.49,11.18,-3.30
HF,7a_Va,,719,,,,0.003,13.37,11.57,-3.11,13.36,11.56,-3.13
HF,7a_Va,,718,,,,0.016,13.19,11.60,-3.21,13.17,11.61,-3.23
HF,7a_Va,,1387,,,,0.009,12.25,11.31,-3.32,12.24,11.31,-3.37
HF,7a_Va,,1782,,,,0.040,12.80,11.07,-3.33,12.76,11.05,-3.33
HF,7a_Va,,1388,,,,0.028,12.20,11.35,-3.35,12.21,11.38,-3.36
HF,7a_Va,,1096,,,,0.052,12.14,11.78,-3.21,12.15,11.74,-3.23
HF,7a_Va,,323,,,,0.040,14.46,11.32,-2.81,14.49,11.31,-2.81
HF,7a_Va,,1783,,,,0.034,12.77,11.26,-3.36,12.74,11.26,-3.37
HF,7a_Va,,862,,,,0.021,12.78,11.24,-3.13,12.78,11.22,-3.16
HF,7a_Va,,1099,,,,0.027,12.16,11.72,-3.23,12.18,11.71,-3.23
HF,7a_Va,,1100,,,,0.021,12.23,11.71,-3.25,12.23,11.69,-3.23
HF,7a_Va,,1389,,,,0.012,12.18,11.37,-3.36,12.19,11.38,-3.36
HF,7a_Va,,753,,,,0.040,12.53,11.16,-3.18,12.56,11.13,-3.19
HF,7a_Va,,1798,,,,0.053,12.11,11.70,-3.57,12.16,11.68,-3.56
HF,7a_Va,,1797,,,,0.009,12.19,11.61,-3.56,12.20,11.62,-3.55
HF,7a_Va,,744,,,,0.038,13.96,11.14,-3.17,13.98,11.17,-3.18
HF,7a_Va,,739,,,,0.015,13.19,11.24,-3.25,13.19,11.26,-3.28
HF,7a_Va,,1390,,,,0.026,12.14,11.37,-3.35,12.16,11.39,-3.36
HF,7a_Va,,736,,,,0.013,13.04,11.11,-3.29,13.04,11.10,-3.30
HF,7a_Va,,1391,,,,0.008,12.16,11.43,-3.32,12.16,11.43,-3.34
HF,7a_Va,,1392,,,,0.008,12.11,11.46,-3.33,12.11,11.47,-3.37
HF,7a_Va,,745,,,,0.030,13.75,11.09,-3.20,13.76,11.11,-3.20
HF,7a_Va,,1101,,,,0.025,12.23,11.67,-3.24,12.22,11.64,-3.24
HF,7a_Va,,751,,,,0.024,13.24,11.72,-3.21,13.24,11.69,-3.21
HF,7a_Va,,1467,,,,0.094,11.03,10.45,-3.66,11.03,10.36,-3.65
HF,7a_Va,,1452,,,,0.056,11.97,10.64,-3.57,11.91,10.65,-3.58
HF,7a_Va,,1465,,,,0.042,11.08,10.55,-3.67,11.12,10.55,-3.72
HF,7a_Va,,1447,,,,0.025,12.00,10.95,-3.51,11.98,10.94,-3.53
HF,7a_Va,,1484,,,,0.038,11.63,10.18,-3.63,11.64,10.15,-3.62
HF,7a_Va,,1576,,,,0.035,11.88,10.90,-3.61,11.88,10.87,-3.61
HF,7a_Va,,1487,,,,0.044,11.58,10.23,-3.63,11.62,10.21,-3.63
HF,7a_Va,,1486,,,,0.027,11.67,10.19,-3.60,11.64,10.19,-3.63
HF,7a_Va,,1474,,,,0.055,11.69,10.15,-3.59,11.73,10.11,-3.63
HF,7a_Va,,1480,,,,0.040,11.61,10.24,-3.61,11.63,10.21,-3.62
HF,7a_Va,,1485,,,,0.043,11.61,10.23,-3.62,11.64,10.20,-3.62
HF,7a_Va,,1446,,,,0.027,11.93,10.95,-3.54,11.91,10.95,-3.55
HF,7a_Va,,1435,,,,0.060,11.55,10.55,-3.62,11.49,10.57,-3.63
HF,7a_Va,,1430,,,,0.123,11.58,10.83,-3.60,11.70,10.86,-3.60
HF,7a_Va,,1429,,,,0.069,11.12,10.68,-3.66,11.19,10.69,-3.73
HF,7a_Va,,1490,,,,0.057,11.74,10.13,-3.63,11.77,10.09,-3.63
HF,7a_Va,,878,,,,0.047,11.72,11.63,-3.48,11.77,11.64,-3.49
HF,7a_Va,,3267,,,,0.084,10.41,9.62,-3.92,10.39,9.70,-3.98
HF,7a_Va,,3270,,,,0.090,10.38,9.55,-3.89,10.32,9.61,-3.92
HF,7a_Va,,890,,,,0.030,11.82,11.41,-3.44,11.80,11.40,-3.46
HF,7a_Va,,960,,,,0.040,11.41,11.53,-3.67,11.37,11.53,-3.69
HF,7a_Va,,1489,,,,0.031,11.68,10.17,-3.64,11.70,10.14,-3.64
HF,7a_Va,,963,,,,0.067,11.25,11.63,-3.74,11.19,11.61,-3.77
HF,7a_Va,,953,,,,0.045,11.11,11.43,-3.80,11.07,11.42,-3.83
HF,7a_Va,,913,,,,0.096,11.91,11.09,-3.52,11.82,11.10,-3.54
HF,7a_Va,,962,,,,0.056,11.32,11.66,-3.70,11.27,11.66,-3.71
HF,7a_Va,,1575,,,,0.034,11.84,10.78,-3.62,11.85,10.81,-3.62
HF,7a_Va,,982,,,,0.031,11.10,11.54,-3.81,11.07,11.53,-3.82
HF,7a_Va,,978,,,,0.035,11.31,11.65,-3.73,11.28,11.64,-3.73
HF,7a_Va,,977,,,,0.014,11.28,11.61,-3.71,11.29,11.62,-3.75
HF,7a_Va,,915,,,,0.036,12.02,11.12,-3.49,11.98,11.12,-3.51
HF,7a_Va,,3252,,,,0.070,10.28,9.87,-4.03,10.28,9.94,-4.02
HF,7a_Va,,917,,,,0.128,11.86,11.06,-3.53,11.86,10.93,-3.56
HF,7a_Va,,920,,,,0.046,11.83,11.20,-3.55,11.81,11.16,-3.56
HF,7a_Va,,914,,,,0.104,11.85,11.22,-3.52,11.79,11.13,-3.56
HF,7a_Va,,1491,,,,0.047,11.62,10.25,-3.63,11.66,10.23,-3.62
HF,7a_Va,,916,,,,0.097,11.98,10.99,-3.50,11.89,11.01,-3.56
HF,7a_Va,,911,,,,0.088,11.89,11.18,-3.51,11.83,11.24,-3.52
HF,7a_Va,,910,,,,0.116,11.77,11.32,-3.50,11.87,11.25,-3.51
HF,7a_Va,,907,,,,0.098,11.97,11.19,-3.48,11.90,11.25,-3.50
HF,7a_Va,,918,,,,0.046,11.97,11.26,-3.49,11.93,11.28,-3.51
HF,7a_Va,,922,,,,0.177,11.81,11.29,-3.52,11.90,11.13,-3.54
HF,7a_Va,,912,,,,0.151,11.99,11.06,-3.48,11.89,11.17,-3.52
HF,7a_Va,,906,,,,0.063,11.97,11.23,-3.48,11.92,11.27,-3.50
HF,7a_Va,,734,,,,0.046,11.66,11.68,-3.41,11.61,11.69,-3.47
HF,7a_Va,,1348,,,,0.055,11.26,10.53,-3.64,11.20,10.53,-3.65
HF,7a_Va,,792,,,,0.122,11.17,11.54,-3.64,11.13,11.43,-3.79
HF,7a_Va,,791,,,,0.065,11.21,11.47,-3.70,11.16,11.43,-3.78
HF,7a_Va,,1347,,,,0.041,11.13,10.66,-3.64,11.17,10.67,-3.67
HF,7a_Va,,758,,,,0.034,11.27,11.57,-3.67,11.30,11.56,-3.67
HF,7a_Va,,749,,,,0.047,11.52,11.50,-3.45,11.51,11.46,-3.48
HF,7a_Va,,746,,,,0.130,11.17,11.56,-3.62,11.18,11.43,-3.75
HF,7a_Va,,761,,,,0.058,11.28,11.65,-3.70,11.27,11.71,-3.71
HF,7a_Va,,745,,,,0.148,11.20,11.58,-3.61,11.19,11.43,-3.75
HF,7a_Va,,1405,,,,0.104,12.02,10.93,-3.48,11.91,10.92,-3.52
HF,7a_Va,,834,,,,0.036,11.79,11.37,-3.44,11.76,11.37,-3.45
HF,7a_Va,,1553,,,,0.030,11.84,10.28,-3.59,11.87,10.27,-3.64
HF,7a_Va,,852,,,,0.038,11.33,11.75,-3.72,11.29,11.77,-3.72
HF,7a_Va,,1404,,,,0.203,12.07,10.89,-3.51,11.87,10.92,-3.56
HF,7a_Va,,1419,,,,0.021,11.54,10.85,-3.64,11.52,10.85,-3.66
HF,7a_Va,,1409,,,,0.056,11.54,10.27,-3.57,11.48,10.27,-3.59
HF,7a_Va,,801,,,,0.052,11.33,11.69,-3.70,11.28,11.70,-3.72
HF,7a_Va,,804,,,,0.038,11.25,11.82,-3.73,11.23,11.78,-3.75
HF,7a_Va,,771,,,,0.047,11.70,11.74,-3.38,11.67,11.70,-3.40
HF,7a_Va,,798,,,,0.048,11.05,10.98,-3.70,11.08,11.01,-3.72
HF,7a_Va,,1355,,,,0.043,11.31,10.52,-3.64,11.27,10.51,-3.64
HF,7a_Va,,859,,,,0.084,10.99,11.57,-3.67,11.07,11.57,-3.71
HF,7a_Va,,1384,,,,0.062,11.28,10.47,-3.63,11.26,10.53,-3.66
HF,7a_Va,,1362,,,,0.071,11.99,10.89,-3.51,11.92,10.88,-3.54
HF,7a_Va,,1371,,,,0.043,11.64,10.61,-3.55,11.68,10.61,-3.59
HF,7a_Va,,3009,,,,0.101,10.41,9.82,-3.88,10.36,9.73,-3.91
HF,7a_Va,,2613,,,,0.028,10.11,9.42,-3.66,10.13,9.44,-3.70
HF,7a_Va,,2614,,,,0.048,10.41,9.30,-3.65,10.38,9.33,-3.67
HF,7a_Va,,2632,,,,0.043,10.64,9.34,-3.67,10.68,9.33,-3.70
HF,7a_Va,,2499,,,,0.056,10.41,9.51,-3.59,10.40,9.46,-3.59
HF,7a_Va,,2609,,,,0.041,10.78,9.67,-3.72,10.76,9.70,-3.73
HF,7a_Va,,2505,,,,0.036,10.34,9.27,-3.63,10.34,9.24,-3.63
HF,7a_Va,,2483,,,,0.062,10.53,9.39,-3.62,10.59,9.39,-3.65
HF,7a_Va,,2482,,,,0.030,10.56,9.40,-3.60,10.54,9.43,-3.62
HF,7a_Va,,2525,,,,0.029,10.16,9.36,-3.62,10.19,9.35,-3.65
HF,7a_Va,,2567,,,,0.010,10.47,9.49,-3.62,10.46,9.50,-3.65
HF,7a_Va,,2578,,,,0.035,10.79,9.29,-3.67,10.79,9.33,-3.68
HF,7a_Va,,2561,,,,0.027,10.42,9.27,-3.64,10.42,9.29,-3.65
HF,7a_Va,,2518,,,,0.035,10.43,9.52,-3.59,10.45,9.49,-3.61
HF,7a_Va,,2557,,,,0.030,10.42,9.18,-3.63,10.43,9.20,-3.64
HF,7a_Va,,2480,,,,0.022,10.49,9.45,-3.57,10.50,9.43,-3.59
HF,7a_Va,,2570,,,,0.043,10.10,9.33,-3.66,10.06,9.34,-3.66
HF,7a_Va,,2489,,,,0.047,10.68,9.33,-3.65,10.63,9.35,-3.65
HF,7a_Va,,2575,,,,0.036,10.80,9.20,-3.65,10.81,9.23,-3.65
HF,7a_Va,,2568,,,,0.003,10.35,9.51,-3.60,10.35,9.51,-3.66
HF,7a_Va,,3194,,,,0.048,10.66,9.26,-3.76,10.63,9.30,-3.77
HF,7a_Va,,1041,,,,0.036,11.56,11.60,-3.58,11.53,11.59,-3.59
HF,7a_Va,,1613,,,,0.259,11.38,10.70,-3.66,11.12,10.70,-3.79
HF,7a_Va,,1020,,,,0.059,11.88,11.10,-3.58,11.83,11.13,-3.60
HF,7a_Va,,1023,,,,0.134,11.84,11.12,-3.62,11.77,11.01,-3.63
HF,7a_Va,,2305,,,,0.077,12.05,10.89,-3.56,11.97,10.91,-3.61
HF,7a_Va,,1028,,,,0.064,11.90,11.46,-3.46,11.84,11.48,-3.48
HF,7a_Va,,1635,,,,0.024,11.14,10.81,-3.82,11.14,10.84,-3.84
HF,7a_Va,,1043,,,,0.056,11.04,11.06,-3.79,11.02,11.01,-3.80
HF,7a_Va,,1626,,,,0.043,11.33,10.64,-3.73,11.29,10.65,-3.74
HF,7a_Va,,1625,,,,0.035,11.33,10.59,-3.70,11.36,10.60,-3.73
HF,7a_Va,,1620,,,,0.041,11.33,10.90,-3.77,11.29,10.90,-3.77
HF,7a_Va,,1015,,,,0.047,11.91,11.03,-3.57,11.87,11.00,-3.58
HF,7a_Va,,1581,,,,0.033,11.77,10.90,-3.64,11.74,10.88,-3.67
HF,7a_Va,,1022,,,,0.061,11.86,11.08,-3.61,11.84,11.13,-3.61
HF,7a_Va,,1561,,,,0.038,11.75,10.80,-3.61,11.73,10.77,-3.64
HF,7a_Va,,1513,,,,0.060,11.39,10.73,-3.69,11.34,10.76,-3.71
HF,7a_Va,,1557,,,,0.054,11.99,10.96,-3.54,11.93,10.95,-3.57
HF,7a_Va,,1554,,,,0.057,11.84,10.40,-3.63,11.86,10.35,-3.64
HF,7a_Va,,1528,,,,0.052,11.81,10.32,-3.61,11.77,10.35,-3.62
HF,7a_Va,,1527,,,,0.039,11.78,10.30,-3.61,11.79,10.26,-3.61
HF,7a_Va,,1524,,,,0.037,11.72,10.19,-3.61,11.69,10.17,-3.63
HF,7a_Va,,1512,,,,0.116,11.06,10.67,-3.70,11.17,10.64,-3.73
HF,7a_Va,,1520,,,,0.120,11.16,10.66,-3.64,11.28,10.68,-3.73
HF,7a_Va,,1518,,,,0.082,11.15,10.98,-3.72,11.08,11.00,-3.77
HF,7a_Va,,1517,,,,0.043,11.31,10.96,-3.69,11.29,10.92,-3.72
HF,7a_Va,,1683,,,,0.106,11.90,10.11,-3.65,11.80,10.08,-3.66
HF,7a_Va,,1714,,,,0.047,11.50,10.39,-3.70,11.47,10.35,-3.72
HF,7a_Va,,1698,,,,0.033,11.62,10.49,-3.69,11.59,10.49,-3.70
HF,7a_Va,,1062,,,,0.026,11.48,11.66,-3.64,11.50,11.63,-3.64
HF,7a_Va,,233,,,,0.059,15.12,10.75,-2.76,15.09,10.80,-2.78
HF,7a_Va,,1699,,,,0.053,11.50,10.34,-3.69,11.45,10.36,-3.71
HF,7a_Va,,238,,,,0.042,15.12,10.47,-2.81,15.09,10.50,-2.84
HF,7a_Va,,1717,,,,0.043,11.42,10.35,-3.72,11.39,10.32,-3.73
HF,7a_Va,,1723,,,,0.066,11.09,10.35,-3.78,11.04,10.38,-3.80
HF,7a_Va,,1693,,,,0.083,11.53,10.38,-3.67,11.59,10.43,-3.69
HF,7a_Va,,235,,,,0.047,15.12,10.78,-2.79,15.11,10.83,-2.79
HF,7a_Va,,1725,,,,0.064,11.88,10.54,-3.67,11.90,10.48,-3.69
HF,7a_Va,,1655,,,,0.007,11.40,10.46,-3.66,11.41,10.46,-3.70
HF,7a_Va,,1066,,,,0.079,11.40,11.73,-3.72,11.32,11.72,-3.74
HF,7a_Va,,1674,,,,0.052,11.06,10.15,-3.72,11.05,10.10,-3.74
HF,7a_Va,,1649,,,,0.067,11.11,10.61,-3.79,11.04,10.61,-3.80
HF,7a_Va,,1071,,,,0.034,11.16,11.63,-3.81,11.20,11.63,-3.81
HF,7a_Va,,1668,,,,0.052,11.05,10.22,-3.71,11.06,10.17,-3.72
HF,7a_Va,,1665,,,,0.050,11.42,10.28,-3.69,11.43,10.33,-3.70
HF,7a_Va,,1072,,,,0.034,11.12,11.57,-3.84,11.16,11.56,-3.84
HF,7a_Va,,1068,,,,0.033,11.18,11.55,-3.79,11.22,11.56,-3.79
HF,7a_Va,,1657,,,,0.040,11.08,10.18,-3.70,11.12,10.16,-3.70
HF,7a_Va,,1656,,,,0.031,11.10,10.19,-3.69,11.13,10.17,-3.71
HF,7a_Va,,1069,,,,0.024,11.15,11.63,-3.79,11.13,11.64,-3.83
HF,7a_Va,,1662,,,,0.060,11.44,10.43,-3.68,11.49,10.39,-3.70
HF,7a_Va,,1679,,,,0.042,11.03,10.16,-3.74,11.07,10.16,-3.76
HF,7_IV,18,2607,,,,0.072,10.36,9.83,-3.75,10.40,9.77,-3.76
HF,7_IV,18,2468,,,,0.059,10.28,9.86,-3.66,10.30,9.81,-3.67
HF,7_IV,18,2466,,,,0.056,10.25,9.89,-3.64,10.30,9.89,-3.63
HF,7_IV,18,2604,,,,0.038,10.08,9.43,-3.67,10.12,9.43,-3.69
HF,7_IV,18,2731,,,,0.041,10.07,9.82,-3.79,10.08,9.78,-3.82
HF,7_IV,18,2723,,,,0.028,10.27,9.87,-3.76,10.29,9.85,-3.77
HF,7_IV,18,2069,,,,0.088,10.51,10.37,-3.68,10.55,10.44,-3.71
HF,7_IV,3,651,,,,0.017,11.14,11.18,-3.55,11.13,11.18,-3.56
HF,7_IV,3,1202,,,,0.038,11.08,10.93,-3.60,11.12,10.92,-3.61
HF,7_IV,3,1203,,,,0.042,11.36,10.72,-3.55,11.34,10.75,-3.56
HF,7_IV,3,1216,,,,0.051,11.81,10.61,-3.39,11.85,10.58,-3.42
HF,7_IV,3,2042,,,,0.058,10.58,10.22,-3.59,10.55,10.27,-3.62
HF,7_IV,3,2043,,,,0.142,10.51,10.27,-3.63,10.51,10.42,-3.67
HF,7_IV,3,1215,,,,0.066,11.89,10.66,-3.37,11.96,10.66,-3.37
HF,7_IV,3,2024,,,,0.227,10.96,10.24,-3.49,10.74,10.17,-3.50
HF,7_IV,3,1223,,,,0.038,11.45,10.56,-3.52,11.48,10.56,-3.52
HF,7_IV,3,2158,,,,0.103,10.73,9.81,-3.55,10.62,9.79,-3.58
HF,7_IV,3,2168,,,,0.068,10.68,9.72,-3.65,10.72,9.66,-3.60
HF,7_IV,3,2034,,,,0.110,10.75,10.16,-3.52,10.64,10.16,-3.56
HF,7_IV,3,713,,,,0.097,11.17,11.41,-3.68,11.26,11.37,-3.69
HF,7_IV,3,2058,,,,0.038,10.64,10.13,-3.68,10.68,10.14,-3.68
HF,7_IV,3,1253,,,,0.082,11.37,10.90,-3.62,11.36,10.82,-3.64
HF,7_IV,3,702,,,,0.041,11.17,11.56,-3.60,11.19,11.53,-3.62
HF,7_IV,6,2212,,,,0.056,10.55,9.10,-3.46,10.51,9.07,-3.46
HF,7_IV,6,2197,,,,0.069,10.13,9.22,-3.42,10.20,9.24,-3.43
HF,7_IV,6,2643,,,,0.249,10.19,9.27,-3.55,9.95,9.31,-3.56
HF,7_IV,6,2215,,,,0.041,10.50,9.36,-3.53,10.47,9.39,-3.53
HF,7_IV,6,2224,,,,0.040,10.58,9.10,-3.49,10.62,9.11,-3.53
HF,7_IV,6,2233,,,,0.004,10.11,9.17,-3.41,10.10,9.17,-3.48
HF,7_IV,6,2205,,,,0.070,10.67,9.39,-3.53,10.60,9.37,-3.57
HF,7_IV,6,2611,,,,0.027,10.15,9.07,-3.60,10.15,9.09,-3.60
HF,7_IV,6,2219,,,,0.028,10.74,9.08,-3.51,10.75,9.10,-3.56
HF,7_IV,6,2204,,,,0.015,10.58,9.36,-3.51,10.57,9.37,-3.58
HF,7_IV,6,2694,,,,0.045,10.35,9.34,-3.69,10.36,9.38,-3.71
HF,7_IV,6,2703,,,,0.036,10.18,9.27,-3.69,10.18,9.31,-3.70
HF,7_IV,6,2704,,,,0.040,10.04,9.33,-3.71,10.06,9.37,-3.70
HF,7_IV,6,2278,,,,0.037,10.05,9.18,-3.46,10.03,9.20,-3.49
HF,7_IV,6,2341,,,,0.097,10.68,9.18,-3.61,10.67,9.08,-3.60
HF,7_IV,6,2387,,,,0.074,10.44,9.41,-3.57,10.51,9.43,-3.57
HF,7_IV,6,2386,,,,0.028,10.77,9.15,-3.63,10.76,9.17,-3.64
HF,7_IV,6,2380,,,,0.031,10.09,9.20,-3.56,10.09,9.23,-3.57
HF,7_IV,6,2377,,,,0.020,10.17,9.11,-3.51,10.16,9.13,-3.56
HF,7_IV,6,2397,,,,0.040,10.06,9.17,-3.55,10.04,9.20,-3.57
HF,7_IV,6,2396,,,,0.004,10.12,9.27,-3.55,10.12,9.28,-3.58
HF,7_IV,6,2393,,,,0.023,10.60,9.10,-3.64,10.61,9.08,-3.64
HF,7_IV,6,2362,,,,0.009,10.41,9.15,-3.55,10.41,9.16,-3.61
HF,7_IV,6,2345,,,,0.140,10.61,9.29,-3.61,10.69,9.17,-3.61
HF,7_IV,6,2344,,,,0.064,10.68,9.19,-3.60,10.62,9.20,-3.62
HF,7_IV,6,2456,,,,0.028,10.42,9.29,-3.62,10.43,9.27,-3.63
HF,7_IV,6,2540,,,,0.043,10.12,9.06,-3.57,10.10,9.10,-3.59
HF,7_IV,6,2511,,,,0.063,10.10,9.34,-3.63,10.05,9.38,-3.65
HF,7_IV,6,2546,,,,0.032,10.03,9.19,-3.62,10.06,9.17,-3.62
HF,7_IV,6,2451,,,,0.054,10.02,9.28,-3.61,10.00,9.33,-3.63
HF,7_IV,6,2447,,,,0.062,10.02,9.17,-3.59,10.07,9.15,-3.59
HF,7_IV,6,2445,,,,0.023,10.15,9.35,-3.58,10.17,9.35,-3.60
HF,7_IV,6,2440,,,,0.013,10.16,9.27,-3.59,10.16,9.28,-3.63
HF,7_IV,6,2294,,,,0.005,10.65,9.40,-3.61,10.65,9.40,-3.63
HF,7_IV,6,2293,,,,0.051,10.63,9.37,-3.62,10.58,9.38,-3.62
HF,7_IV,6,2292,,,,0.026,10.62,9.10,-3.57,10.62,9.13,-3.58
HF,7_IV,6,2289,,,,0.061,10.67,9.16,-3.59,10.67,9.22,-3.59
HF,7_IV,6,2288,,,,0.040,10.63,9.15,-3.58,10.64,9.11,-3.57
HF,7_IV,6,2299,,,,0.017,10.55,9.14,-3.56,10.57,9.13,-3.61
HF,7_IV,6,2287,,,,0.025,10.54,9.25,-3.57,10.56,9.23,-3.58
HF,7_IV,6,2254,,,,0.215,10.64,9.10,-3.54,10.57,9.30,-3.57
HF,7_IV,6,2317,,,,0.018,10.34,9.29,-3.56,10.32,9.29,-3.60
HF,7_IV,6,2338,,,,0.056,10.51,9.17,-3.57,10.56,9.14,-3.60
HF,7_IV,6,2368,,,,0.082,10.47,9.09,-3.58,10.41,9.15,-3.59
HF,7_IV,6,2297,,,,0.063,10.66,9.37,-3.62,10.59,9.39,-3.66
HF,7_IV,6,2264,,,,0.028,10.24,9.31,-3.51,10.23,9.33,-3.54
HF,7_IV,6,2305,,,,0.037,10.10,9.15,-3.47,10.06,9.14,-3.49
HF,7_IV,6,2321,,,,0.022,10.05,9.28,-3.52,10.07,9.29,-3.53
HF,7_IV,6,2291,,,,0.121,10.82,9.28,-3.56,10.75,9.38,-3.67
HF,7_IV,6,2301,,,,0.030,10.53,9.24,-3.60,10.54,9.21,-3.60
HF,7_IV,6,2318,,,,0.026,10.46,9.12,-3.55,10.45,9.14,-3.58
HF,7_IV,6,2922,,,,0.042,10.16,9.96,-3.92,10.12,9.96,-3.94
HF,7_IV,6,2947,,,,0.061,10.21,9.49,-3.83,10.16,9.51,-3.87
HF,7_IV,6,2951,,,,0.031,10.14,9.75,-3.92,10.12,9.74,-3.95
HF,7_IV,6,2901,,,,0.039,10.10,9.62,-3.83,10.08,9.65,-3.89
HF,7_IV,6,2884,,,,0.045,10.07,9.38,-3.79,10.05,9.42,-3.81
HF,7_IV,6,2913,,,,0.028,10.14,9.31,-3.77,10.15,9.28,-3.79
HF,7_IV,6,2824,,,,0.046,10.23,9.14,-3.66,10.24,9.19,-3.69
HF,7_IV,6,2826,,,,0.035,10.10,9.35,-3.74,10.09,9.38,-3.77
HF,7_IV,6,2866,,,,0.025,10.07,9.45,-3.80,10.07,9.47,-3.80
HF,7_IV,6,2874,,,,0.045,10.28,9.55,-3.78,10.29,9.50,-3.79
HF,7_IV,6,2893,,,,0.040,10.11,9.90,-3.92,10.13,9.86,-3.92
HF,7_IV,6,2938,,,,0.059,10.30,9.60,-3.83,10.29,9.66,-3.87
HF,7_IV,6,2714,,,,0.040,10.40,9.58,-3.72,10.44,9.59,-3.73
HF,7_IV,6,2752,,,,0.043,10.07,9.43,-3.72,10.09,9.39,-3.72
HF,7_IV,6,2758,,,,0.030,10.35,9.49,-3.72,10.32,9.48,-3.73
HF,7_IV,6,2759,,,,0.035,10.22,9.44,-3.74,10.19,9.45,-3.75
HF,7_IV,6,2768,,,,0.058,10.01,9.50,-3.78,10.02,9.56,-3.79
HF,7_IV,6,2777,,,,0.072,10.38,9.61,-3.75,10.45,9.61,-3.78
HF,7_IV,6,2781,,,,0.050,10.24,9.65,-3.79,10.19,9.64,-3.81
HF,7_IV,6,2805,,,,0.032,10.03,9.53,-3.82,10.03,9.56,-3.82
HF,7_IV,6,2822,,,,0.042,10.32,9.75,-3.82,10.33,9.79,-3.83
HF,7_IV,6,2823,,,,0.043,10.29,9.82,-3.80,10.25,9.79,-3.85
HF,7_IV,6,2974,,,,0.048,10.31,9.64,-3.87,10.30,9.69,-3.90
HF,7_IV,,642,,,,0.050,14.49,3.76,-2.37,14.45,3.79,-2.38
HF,7_IV,,625,,,,0.030,13.21,3.87,-2.62,13.24,3.87,-2.62
HF,7_IV,,628,,,,0.057,13.40,3.76,-2.55,13.45,3.76,-2.60
HF,7_IV,,643,,,,0.054,14.26,3.77,-2.43,14.28,3.72,-2.45
HF,7_IV,,624,,,,1.293,13.21,3.78,-2.55,14.50,3.92,-2.37
HF,7_IV,,623,,,,0.021,13.21,3.87,-2.61,13.23,3.88,-2.63
HF,7_IV,,641,,,,0.082,13.90,3.82,-2.49,13.89,3.90,-2.50
HF,7_IV,,1067,,,,0.030,11.27,10.25,-3.44,11.29,10.22,-3.44
HF,7_IV,,642,,,,0.068,13.88,3.69,-2.46,13.92,3.75,-2.46
HF,7_IV,,598,,,,0.032,14.66,3.71,-2.29,14.65,3.75,-2.30
HF,7_IV,,603,,,,0.024,14.65,3.75,-2.30,14.63,3.74,-2.33
HF,7_IV,,593,,,,0.044,14.00,3.83,-2.41,14.01,3.87,-2.42
HF,7_IV,,591,,,,0.048,14.35,3.79,-2.34,14.40,3.80,-2.34
HF,7_IV,,588,,,,0.065,14.48,3.68,-2.29,14.46,3.75,-2.34
HF,7_IV,,607,,,,0.125,14.98,3.75,-2.21,14.89,3.83,-2.29
HF,7_IV,,634,,,,0.011,14.62,3.90,-2.27,14.63,3.91,-2.37
HF,7_IV,,632,,,,0.068,14.81,3.83,-2.31,14.74,3.85,-2.32
HF,7_IV,,618,,,,0.023,13.63,3.91,-2.54,13.65,3.92,-2.54
HF,7_IV,,616,,,,0.021,13.76,3.82,-2.46,13.78,3.81,-2.48
HF,7_IV,,615,,,,0.027,13.71,3.88,-2.48,13.68,3.87,-2.52
HF,7_IV,,635,,,,0.049,14.63,3.89,-2.32,14.59,3.87,-2.34
HF,7_IV,,596,,,,0.032,13.18,3.86,-2.53,13.15,3.87,-2.56
HF,7_IV,,581,,,,0.027,13.83,3.93,-2.45,13.85,3.94,-2.46
HF,7_IV,,580,,,,0.013,13.70,3.60,-2.43,13.69,3.61,-2.45
HF,7_IV,,579,,,,0.031,13.66,3.66,-2.44,13.68,3.68,-2.45
HF,7_IV,,1798,,,,0.415,14.87,3.73,-2.33,14.58,4.03,-2.36
HF,7_IV,,585,,,,0.016,13.78,3.68,-2.42,13.80,3.68,-2.44
HF,7_IV,,573,,,,0.024,13.78,3.60,-2.38,13.81,3.60,-2.42
HF,7_IV,,623,,,,0.038,14.37,3.88,-2.38,14.34,3.86,-2.39
HF,7_IV,,595,,,,0.028,13.32,3.72,-2.51,13.35,3.73,-2.53
HF,7_IV,,584,,,,0.025,13.77,3.61,-2.40,13.79,3.62,-2.43
HF,7_IV,,622,,,,0.072,14.52,3.96,-2.33,14.45,3.96,-2.35
HF,7_IV,,624,,,,1.241,14.47,3.91,-2.37,13.24,3.80,-2.59
HF,7_IV,,2131,,,,0.056,10.57,9.39,-3.54,10.53,9.35,-3.51
HF,7_IV,,2152,,,,0.066,10.83,9.32,-3.59,10.83,9.38,-3.59
HF,7_IV,,2148,,,,0.101,10.75,9.20,-3.52,10.68,9.28,-3.47
HF,7_IV,,195,,,,0.045,15.41,10.74,-2.15,15.37,10.76,-2.18
HF,7_IV,,194,,,,0.044,15.44,10.84,-2.14,15.43,10.80,-2.16
HF,7_IV,,193,,,,0.030,15.32,10.65,-2.19,15.30,10.67,-2.21
HF,7_IV,,55,,,,0.056,15.13,11.17,-2.15,15.18,11.14,-2.15
HF,7_IV,,54,,,,0.037,15.22,11.16,-2.14,15.21,11.13,-2.15
HF,7_IV,,53,,,,0.022,15.13,11.14,-2.13,15.15,11.12,-2.15
HF,7_IV,,2025,,,,0.104,10.43,9.48,-3.39,10.47,9.57,-3.41
HF,7_IV,,2013,,,,0.054,10.57,9.13,-3.34,10.62,9.11,-3.41
HF,7_IV,,2016,,,,0.056,10.61,9.54,-3.38,10.65,9.50,-3.41
HF,7_IV,,2080,,,,0.093,10.10,9.20,-3.35,10.04,9.28,-3.38
HF,7_IV,,2086,,,,0.069,10.11,9.52,-3.43,10.15,9.46,-3.44
HF,7_IV,,2085,,,,0.037,10.28,9.46,-3.39,10.24,9.45,-3.43
HF,7_IV,,2075,,,,0.074,10.05,9.48,-3.32,10.02,9.55,-3.36
HF,7_IV,,2083,,,,0.016,10.05,9.35,-3.41,10.07,9.34,-3.44
HF,7_IV,,2122,,,,0.046,10.16,9.36,-3.43,10.20,9.39,-3.45
HF,7_IV,,2068,,,,0.005,10.69,9.86,-3.51,10.69,9.87,-3.50
HF,7_IV,,2065,,,,0.066,10.65,9.96,-3.49,10.71,9.98,-3.46
HF,7_IV,,502,,,,0.046,14.60,3.66,-2.17,14.56,3.69,-2.17
HF,7_IV,,499,,,,0.068,13.86,3.50,-2.21,13.82,3.55,-2.28
HF,7_IV,,510,,,,0.044,13.41,3.72,-2.37,13.37,3.73,-2.41
HF,7_IV,,536,,,,0.022,13.41,3.76,-2.42,13.40,3.78,-2.45
HF,7_IV,,508,,,,0.009,14.29,3.85,-2.22,14.29,3.86,-2.28
HF,7_IV,,507,,,,0.072,14.49,3.74,-2.23,14.42,3.76,-2.25
HF,7_IV,,536,,,,0.075,15.00,3.72,-2.16,14.96,3.78,-2.17
HF,7_IV,,564,,,,0.057,14.02,3.77,-2.37,14.00,3.83,-2.39
HF,7_IV,,553,,,,0.056,13.63,3.86,-2.40,13.59,3.90,-2.44
HF,7_IV,,537,,,,0.016,13.23,3.78,-2.46,13.21,3.79,-2.48
HF,7_IV,,573,,,,0.039,14.83,3.90,-2.26,14.80,3.93,-2.26
HF,7_IV,,572,,,,0.033,14.71,3.81,-2.27,14.71,3.85,-2.27
HF,7_IV,,570,,,,0.074,14.78,3.79,-2.25,14.72,3.84,-2.26
HF,7_IV,,545,,,,0.044,14.19,3.89,-2.30,14.22,3.91,-2.31
HF,7_IV,,517,,,,0.012,14.66,3.99,-2.21,14.65,3.98,-2.26
HF,7_IV,,518,,,,0.051,13.79,3.82,-2.31,13.84,3.80,-2.33
HF,7_IV,,515,,,,0.040,14.58,3.62,-2.17,14.59,3.66,-2.20
HF,7_IV,,582,,,,0.071,14.23,3.61,-2.35,14.21,3.68,-2.37
HF,7_IV,,500,,,,0.035,14.54,3.98,-2.19,14.50,3.99,-2.20
HF,7_IV,,529,,,,0.046,13.82,3.55,-2.36,13.78,3.57,-2.35
HF,7_IV,,532,,,,0.071,14.73,3.78,-2.23,14.69,3.84,-2.23
HF,7_IV,,496,,,,0.063,13.38,3.84,-2.34,13.32,3.82,-2.34
HF,7_IV,,526,,,,0.042,14.23,3.67,-2.27,14.26,3.70,-2.27
HF,7aa_Vaa,16,2766,,,,0.065,11.08,10.87,-4.11,11.02,10.89,-4.12
HF,7aa_Vaa,16,1944,,,,0.031,11.05,11.05,-4.11,11.07,11.03,-4.13
HF,7aa_Vaa,16,1943,,,,0.060,11.09,11.09,-4.13,11.04,11.11,-4.14
HF,7aa_Vaa,16,1486,,,,0.019,11.26,9.76,-3.90,11.24,9.77,-3.92
HF,7aa_Vaa,16,1508,,,,0.079,11.16,9.99,-3.93,11.20,9.92,-3.94
HF,7aa_Vaa,16,1510,,,,0.047,11.40,9.60,-3.88,11.44,9.57,-3.87
HF,7aa_Vaa,16,1961,,,,0.048,10.99,11.10,-4.16,11.04,11.10,-4.17
HF,7aa_Vaa,16,1511,,,,0.035,11.44,9.56,-3.87,11.40,9.57,-3.88
HF,7aa_Vaa,16,2638,,,,0.031,11.81,10.94,-3.93,11.78,10.94,-3.93
HF,7aa_Vaa,16,1916,,,,0.036,11.35,11.05,-4.04,11.39,11.04,-4.04
HF,7aa_Vaa,16,2641,,,,0.071,11.98,10.80,-3.91,11.91,10.78,-3.91
HF,7aa_Vaa,16,2696,,,,0.078,11.20,11.03,-4.07,11.19,10.95,-4.07
HF,7aa_Vaa,16,1895,,,,0.024,11.67,11.03,-3.97,11.66,11.01,-4.00
HF,7aa_Vaa,16,2656,,,,0.087,11.59,10.82,-3.99,11.52,10.77,-4.03
HF,7aa_Vaa,16,2654,,,,0.046,11.81,10.82,-3.94,11.77,10.82,-3.96
HF,7aa_Vaa,16,1910,,,,0.057,11.70,10.79,-3.70,11.64,10.77,-3.72
HF,7aa_Vaa,16,2639,,,,0.022,11.69,10.84,-3.95,11.68,10.82,-3.96
HF,7aa_Vaa,16,2743,,,,0.083,11.56,11.00,-4.06,11.50,10.95,-4.09
HF,7aa_Vaa,16,2738,,,,0.062,11.37,10.78,-4.09,11.42,10.82,-4.10
HF,7aa_Vaa,16,2718,,,,0.031,11.52,10.90,-4.06,11.53,10.87,-4.06
HF,7aa_Vaa,16,2711,,,,0.028,11.05,10.96,-4.10,11.05,10.93,-4.11
HF,7aa_Vaa,16,2705,,,,0.037,11.25,10.83,-4.08,11.26,10.80,-4.08
HF,7aa_Vaa,16,2700,,,,0.046,11.54,10.78,-4.03,11.49,10.77,-4.04
HF,7aa_Vaa,16,1949,,,,0.074,11.89,10.44,-3.70,11.96,10.41,-3.72
HF,7aa_Vaa,16,1176,,,,0.002,11.87,11.09,-3.65,11.87,11.09,-3.65
HF,7aa_Vaa,16,1911,,,,0.066,11.68,10.73,-3.71,11.61,10.73,-3.73
HF,7aa_Vaa,16,1914,,,,0.050,11.52,10.51,-3.74,11.56,10.54,-3.75
HF,7aa_Vaa,16,1917,,,,0.040,11.97,10.58,-3.67,11.93,10.57,-3.69
HF,7aa_Vaa,16,1192,,,,0.025,11.16,11.09,-3.87,11.19,11.08,-3.91
HF,7aa_Vaa,16,1178,,,,0.051,11.83,11.06,-3.67,11.87,11.08,-3.66
HF,7aa_Vaa,16,1182,,,,0.055,11.48,11.61,-3.66,11.43,11.62,-3.68
HF,7aa_Vaa,16,1452,,,,0.058,11.45,9.87,-3.84,11.43,9.81,-3.86
HF,7aa_Vaa,16,1387,,,,0.168,11.16,10.01,-3.85,11.31,9.93,-3.86
HF,7aa_Vaa,16,1485,,,,0.038,11.36,9.91,-3.88,11.36,9.88,-3.90
HF,7aa_Vaa,16,1454,,,,0.069,11.33,10.00,-3.85,11.28,9.95,-3.88
HF,7aa_Vaa,16,2667,,,,0.060,11.25,10.68,-4.03,11.20,10.72,-4.05
HF,7aa_Vaa,16,1960,,,,0.039,11.06,10.35,-3.82,11.08,10.32,-3.83
HF,7aa_Vaa,16,1964,,,,0.057,11.07,10.41,-3.82,11.04,10.36,-3.82
HF,7aa_Vaa,16,1967,,,,0.076,11.08,10.37,-3.81,11.02,10.42,-3.83
HF,7aa_Vaa,16,1968,,,,0.051,11.12,10.50,-3.82,11.07,10.49,-3.86
HF,7aa_Vaa,16,1393,,,,0.086,11.73,10.03,-3.76,11.75,9.94,-3.78
HF,7aa_Vaa,16,1457,,,,0.039,11.35,9.81,-3.84,11.39,9.79,-3.87
HF,7aa_Vaa,16,2080,,,,0.036,11.23,10.24,-3.85,11.21,10.27,-3.86
HF,7aa_Vaa,16,2099,,,,0.071,11.70,10.42,-3.73,11.77,10.42,-3.74
HF,7aa_Vaa,16,2103,,,,0.045,11.77,10.40,-3.74,11.80,10.38,-3.75
HF,7aa_Vaa,16,2107,,,,0.039,11.54,10.40,-3.75,11.51,10.41,-3.77
HF,7aa_Vaa,16,2108,,,,0.038,11.58,10.47,-3.73,11.62,10.47,-3.77
HF,7aa_Vaa,16,2086,,,,0.078,11.27,10.18,-3.82,11.28,10.26,-3.86
HF,7aa_Vaa,16,2096,,,,0.030,11.84,10.56,-3.72,11.86,10.55,-3.72
HF,7aa_Vaa,16,2599,,,,0.059,11.20,10.85,-3.99,11.25,10.82,-4.00
HF,7aa_Vaa,16,1890,,,,0.052,11.86,11.20,-3.91,11.90,11.16,-3.91
HF,7aa_Vaa,16,1880,,,,0.016,11.06,11.29,-4.04,11.04,11.28,-4.11
HF,7aa_Vaa,16,2665,,,,0.041,11.23,10.85,-4.03,11.27,10.85,-4.03
HF,7aa_Vaa,16,2606,,,,0.050,11.51,10.91,-3.95,11.50,10.96,-3.95
HF,7aa_Vaa,16,2623,,,,0.036,11.04,10.93,-4.04,11.02,10.91,-4.03
HF,7aa_Vaa,16,1878,,,,0.029,11.04,11.00,-4.04,11.02,11.02,-4.06
HF,7aa_Vaa,16,2619,,,,0.036,11.18,10.72,-4.02,11.21,10.70,-4.03
HF,7aa_Vaa,16,2618,,,,0.038,11.21,10.70,-4.03,11.17,10.71,-4.02
HF,7aa_Vaa,16,2615,,,,0.026,11.27,10.93,-3.99,11.27,10.91,-4.01
HF,7aa_Vaa,16,1998,,,,0.127,11.88,10.71,-3.68,11.76,10.67,-3.71
HF,7aa_Vaa,16,1992,,,,0.032,11.26,10.17,-3.82,11.28,10.15,-3.82
HF,7aa_Vaa,16,1987,,,,0.043,11.11,10.49,-3.87,11.09,10.52,-3.87
HF,7aa_Vaa,16,1990,,,,0.024,11.21,10.25,-3.79,11.21,10.27,-3.79
HF,7aa_Vaa,16,1999,,,,0.026,11.61,10.70,-3.74,11.62,10.68,-3.74
HF,7aa_Vaa,16,2001,,,,0.048,11.98,10.76,-3.67,11.94,10.73,-3.68
HF,7aa_Vaa,16,1985,,,,0.016,11.27,10.64,-3.84,11.29,10.64,-3.82
HF,7aa_Vaa,16,1941,,,,0.045,12.62,10.79,-3.55,12.64,10.83,-3.55
HF,7aa_Vaa,16,1942,,,,0.050,12.63,10.86,-3.55,12.60,10.83,-3.57
HF,7aa_Vaa,16,2002,,,,0.040,12.85,11.06,-3.48,12.83,11.10,-3.49
HF,7aa_Vaa,16,1932,,,,0.044,12.65,10.85,-3.54,12.69,10.84,-3.53
HF,7aa_Vaa,16,1978,,,,0.018,12.53,10.89,-3.60,12.54,10.88,-3.61
HF,7aa_Vaa,16,1982,,,,0.036,12.55,10.84,-3.59,12.51,10.84,-3.63
HF,7aa_Vaa,16,1973,,,,0.045,12.25,11.24,-3.61,12.29,11.24,-3.60
HF,7aa_Vaa,16,1974,,,,0.041,12.25,11.25,-3.62,12.29,11.25,-3.61
HF,7aa_Vaa,16,1937,,,,0.056,12.19,10.63,-3.60,12.16,10.58,-3.60
HF,7aa_Vaa,16,1927,,,,0.033,12.57,10.67,-3.54,12.56,10.70,-3.55
HF,7aa_Vaa,16,1929,,,,0.043,12.61,10.92,-3.52,12.57,10.92,-3.54
HF,7aa_Vaa,16,1976,,,,0.007,12.15,11.22,-3.65,12.15,11.23,-3.61
HF,7aa_Vaa,16,2009,,,,0.031,12.45,11.06,-3.60,12.45,11.03,-3.60
HF,7aa_Vaa,16,2041,,,,0.079,12.67,11.18,-3.56,12.59,11.20,-3.57
HF,7aa_Vaa,16,2043,,,,0.107,12.63,11.24,-3.56,12.53,11.22,-3.62
HF,7aa_Vaa,16,2010,,,,0.051,12.46,11.11,-3.59,12.41,11.09,-3.61
HF,7aa_Vaa,16,2012,,,,0.032,12.23,11.18,-3.64,12.26,11.17,-3.63
HF,7aa_Vaa,16,2034,,,,0.039,12.27,11.17,-3.67,12.24,11.16,-3.69
HF,7aa_Vaa,16,2012,,,,0.071,12.21,10.45,-3.66,12.16,10.51,-3.67
HF,7aa_Vaa,16,2013,,,,0.068,12.09,10.67,-3.71,12.06,10.73,-3.73
HF,7aa_Vaa,16,2010,,,,0.120,12.36,10.68,-3.65,12.28,10.59,-3.65
HF,7aa_Vaa,16,1907,,,,0.062,12.13,10.74,-3.62,12.11,10.68,-3.62
HF,7aa_Vaa,16,1903,,,,0.057,12.47,10.85,-3.55,12.43,10.82,-3.57
HF,7aa_Vaa,16,1904,,,,0.113,12.32,10.83,-3.57,12.21,10.86,-3.62
HF,7aa_Vaa,16,1905,,,,0.092,12.29,10.92,-3.60,12.20,10.90,-3.62
HF,7aa_Vaa,16,1913,,,,0.040,12.49,10.77,-3.52,12.45,10.77,-3.57
HF,7aa_Vaa,16,1969,,,,0.053,12.28,11.22,-3.57,12.32,11.20,-3.56
HF,7aa_Vaa,16,1921,,,,0.031,12.59,10.84,-3.53,12.62,10.85,-3.53
HF,7aa_Vaa,16,1906,,,,0.050,12.18,10.77,-3.62,12.16,10.81,-3.62
HF,7aa_Vaa,16,1924,,,,0.037,12.53,10.89,-3.54,12.50,10.92,-3.55
HF,7aa_Vaa,16,1944,,,,0.029,12.66,10.76,-3.54,12.65,10.79,-3.55
HF,7aa_Vaa,16,1948,,,,0.102,12.43,10.94,-3.61,12.33,10.94,-3.63
HF,7aa_Vaa,16,1952,,,,0.052,12.11,10.85,-3.65,12.06,10.82,-3.64
HF,7aa_Vaa,16,1987,,,,0.025,12.77,11.11,-3.47,12.80,11.11,-3.46
HF,7aa_Vaa,16,1993,,,,0.536,12.97,10.99,-3.42,12.53,11.30,-3.47
HF,7aa_Vaa,16,1967,,,,0.059,12.28,10.83,-3.65,12.22,10.84,-3.64
HF,7aa_Vaa,16,1996,,,,0.120,12.71,11.25,-3.46,12.59,11.27,-3.50
HF,7aa_Vaa,16,1097,,,,0.064,11.30,11.41,-3.72,11.37,11.42,-3.74
HF,7aa_Vaa,16,1798,,,,0.064,11.34,10.80,-3.76,11.39,10.77,-3.77
HF,7aa_Vaa,16,1799,,,,0.076,11.32,10.78,-3.77,11.39,10.76,-3.78
HF,7aa_Vaa,16,1810,,,,0.037,11.11,10.59,-3.81,11.07,10.59,-3.82
HF,7aa_Vaa,16,1814,,,,0.033,11.28,10.66,-3.77,11.31,10.66,-3.78
HF,7aa_Vaa,16,1800,,,,0.088,11.30,10.71,-3.77,11.39,10.72,-3.78
HF,7aa_Vaa,16,1797,,,,0.035,11.20,10.87,-3.81,11.16,10.88,-3.86
HF,7aa_Vaa,16,1792,,,,0.060,11.28,10.95,-3.80,11.29,11.01,-3.80
HF,7aa_Vaa,16,1881,,,,0.048,11.25,10.58,-3.78,11.28,10.61,-3.79
HF,7aa_Vaa,16,1894,,,,0.042,11.24,10.89,-3.85,11.27,10.88,-3.85
HF,7aa_Vaa,16,1136,,,,0.037,11.56,11.56,-3.60,11.52,11.57,-3.63
HF,7aa_Vaa,16,1904,,,,0.057,11.47,10.73,-3.73,11.52,10.71,-3.73
HF,7aa_Vaa,16,1165,,,,0.081,11.95,11.24,-3.50,12.02,11.21,-3.55
HF,7aa_Vaa,16,1909,,,,0.042,11.72,10.67,-3.71,11.76,10.69,-3.71
HF,7aa_Vaa,16,1824,,,,0.035,11.23,10.58,-3.76,11.19,10.58,-3.78
HF,7aa_Vaa,16,1114,,,,0.046,11.66,11.51,-3.51,11.62,11.54,-3.53
HF,7aa_Vaa,16,1851,,,,0.036,11.72,10.79,-3.67,11.68,10.79,-3.69
HF,7aa_Vaa,16,1857,,,,0.051,11.46,10.68,-3.73,11.51,10.68,-3.74
HF,7aa_Vaa,16,2036,,,,0.079,12.12,10.78,-3.79,12.08,10.71,-3.80
HF,7aa_Vaa,16,2067,,,,0.049,12.57,11.19,-3.67,12.53,11.21,-3.68
HF,7aa_Vaa,16,2062,,,,0.081,12.37,11.35,-3.67,12.29,11.36,-3.70
HF,7aa_Vaa,16,2046,,,,0.048,12.42,11.10,-3.65,12.37,11.09,-3.66
HF,7aa_Vaa,16,2028,,,,0.118,12.17,10.90,-3.74,12.15,10.78,-3.77
HF,7aa_Vaa,16,2068,,,,0.076,12.57,11.18,-3.68,12.51,11.13,-3.67
HF,7aa_Vaa,16,2102,,,,0.053,12.49,11.16,-3.74,12.44,11.14,-3.74
HF,7aa_Vaa,16,1579,,,,0.027,11.06,11.42,-3.88,11.06,11.44,-3.87
HF,7aa_Vaa,16,2578,,,,0.019,11.74,10.78,-3.89,11.75,10.77,-3.91
HF,7aa_Vaa,16,1582,,,,0.027,11.88,11.25,-3.76,11.87,11.23,-3.77
HF,7aa_Vaa,16,1615,,,,0.033,11.25,11.04,-3.90,11.23,11.02,-3.90
HF,7aa_Vaa,16,2559,,,,0.024,11.30,10.51,-3.92,11.28,10.52,-3.93
HF,7aa_Vaa,16,1575,,,,0.035,11.07,11.05,-3.91,11.10,11.07,-3.92
HF,7aa_Vaa,16,2564,,,,0.015,11.24,10.92,-3.96,11.25,10.91,-4.00
HF,7aa_Vaa,16,2567,,,,0.051,11.31,10.85,-3.95,11.27,10.88,-3.97
HF,7aa_Vaa,16,1604,,,,0.048,11.16,11.15,-3.89,11.20,11.13,-3.89
HF,7aa_Vaa,16,1605,,,,0.060,11.28,11.40,-3.84,11.23,11.37,-3.87
HF,7aa_Vaa,16,1607,,,,0.036,11.08,11.17,-3.94,11.11,11.15,-3.94
HF,7aa_Vaa,16,1613,,,,0.042,11.32,11.01,-3.88,11.28,11.00,-3.89
HF,7aa_Vaa,16,1634,,,,0.036,11.22,11.12,-3.91,11.19,11.11,-3.92
HF,7aa_Vaa,16,2585,,,,0.037,11.76,10.89,-3.91,11.73,10.87,-3.93
HF,7aa_Vaa,16,2590,,,,0.027,11.59,10.82,-3.90,11.60,10.84,-3.96
HF,7aa_Vaa,16,2533,,,,0.051,11.59,10.63,-3.89,11.54,10.62,-3.90
HF,7aa_Vaa,16,2541,,,,0.036,11.57,10.69,-3.91,11.60,10.71,-3.92
HF,7aa_Vaa,16,2515,,,,0.032,11.33,10.71,-3.96,11.29,10.71,-3.98
HF,7aa_Vaa,16,2538,,,,0.075,12.02,10.84,-3.81,11.95,10.82,-3.88
HF,7aa_Vaa,16,2521,,,,0.031,11.91,10.71,-3.82,11.94,10.70,-3.82
HF,7aa_Vaa,16,2512,,,,0.030,11.53,10.81,-3.88,11.51,10.79,-3.89
HF,7aa_Vaa,16,2508,,,,0.058,11.35,10.78,-3.91,11.40,10.77,-3.94
HF,7aa_Vaa,16,2509,,,,0.052,11.11,10.57,-3.95,11.14,10.54,-3.98
HF,7aa_Vaa,16,2481,,,,0.037,11.95,10.49,-3.79,11.99,10.49,-3.81
HF,7aa_Vaa,16,2504,,,,0.041,11.49,10.79,-3.89,11.53,10.77,-3.91
HF,7aa_Vaa,16,2556,,,,0.054,11.09,10.90,-3.96,11.04,10.90,-3.98
HF,7aa_Vaa,16,1572,,,,0.049,11.36,11.10,-3.82,11.31,11.10,-3.85
HF,7aa_Vaa,16,1574,,,,0.025,11.31,11.32,-3.84,11.29,11.34,-3.84
HF,7aa_Vaa,16,2531,,,,0.024,11.71,10.83,-3.86,11.69,10.81,-3.90
HF,7aa_Vaa,16,2558,,,,0.027,11.36,10.77,-3.96,11.34,10.75,-3.97
HF,7aa_Vaa,16,2339,,,,0.029,12.02,10.87,-3.83,12.00,10.85,-3.84
HF,7aa_Vaa,16,2524,,,,0.034,11.72,10.93,-3.86,11.75,10.92,-3.87
HF,7aa_Vaa,16,2527,,,,0.030,11.79,10.66,-3.83,11.76,10.66,-3.87
HF,7aa_Vaa,16,2532,,,,0.043,11.65,10.72,-3.87,11.61,10.72,-3.88
HF,7aa_Vaa,16,2530,,,,0.017,11.66,10.87,-3.86,11.68,10.88,-3.88
HF,7aa_Vaa,16,1771,,,,0.015,11.63,11.22,-3.86,11.63,11.21,-3.90
HF,7aa_Vaa,16,1764,,,,0.032,11.58,11.33,-3.84,11.55,11.32,-3.87
HF,7aa_Vaa,16,1836,,,,0.028,11.02,11.08,-4.03,11.04,11.09,-4.03
HF,7aa_Vaa,16,1767,,,,0.034,11.80,11.20,-3.85,11.77,11.22,-3.85
HF,7aa_Vaa,16,1779,,,,0.033,11.51,11.14,-3.89,11.48,11.14,-3.90
HF,7aa_Vaa,16,1772,,,,0.054,11.63,11.09,-3.86,11.67,11.05,-3.86
HF,7aa_Vaa,16,1769,,,,0.007,11.75,11.27,-3.84,11.74,11.27,-3.87
HF,7aa_Vaa,16,1741,,,,0.028,11.37,11.04,-3.92,11.35,11.03,-3.92
HF,7aa_Vaa,16,1852,,,,0.036,11.49,11.10,-3.97,11.45,11.08,-3.98
HF,7aa_Vaa,16,1825,,,,0.028,11.63,11.11,-3.91,11.66,11.11,-3.90
HF,7aa_Vaa,16,1760,,,,0.038,11.66,11.24,-3.84,11.69,11.21,-3.85
HF,7aa_Vaa,16,1837,,,,0.030,11.09,11.23,-4.02,11.06,11.22,-4.03
HF,7aa_Vaa,16,1745,,,,0.052,11.80,11.10,-3.82,11.74,11.09,-3.85
HF,7aa_Vaa,16,1746,,,,0.057,11.70,11.04,-3.85,11.65,11.00,-3.85
HF,7aa_Vaa,16,1811,,,,0.024,11.33,11.23,-3.96,11.30,11.24,-3.99
HF,7aa_Vaa,16,1815,,,,0.035,11.93,11.28,-3.71,11.95,11.25,-3.72
HF,7aa_Vaa,16,1816,,,,0.035,11.95,11.25,-3.72,11.99,11.24,-3.71
HF,7aa_Vaa,16,1817,,,,0.073,11.57,11.16,-3.90,11.64,11.18,-3.87
HF,7aa_Vaa,16,1826,,,,0.055,11.42,11.06,-3.90,11.36,11.07,-4.00
HF,7aa_Vaa,16,1827,,,,0.018,11.20,11.31,-3.98,11.21,11.30,-4.00
HF,7aa_Vaa,16,1829,,,,0.036,11.12,11.08,-4.01,11.08,11.08,-4.02
HF,7aa_Vaa,16,1805,,,,0.047,11.40,11.08,-3.94,11.36,11.05,-3.95
HF,7aa_Vaa,16,1734,,,,0.054,11.68,11.19,-3.83,11.71,11.15,-3.84
HF,7aa_Vaa,16,1857,,,,0.043,11.06,11.31,-4.04,11.02,11.32,-4.04
HF,7aa_Vaa,16,1855,,,,0.032,11.23,11.32,-4.03,11.22,11.29,-4.03
HF,7aa_Vaa,16,1705,,,,0.031,11.43,11.12,-3.86,11.41,11.09,-3.88
HF,7aa_Vaa,16,1738,,,,0.005,11.53,11.39,-3.80,11.54,11.39,-3.84
HF,7aa_Vaa,16,1863,,,,0.039,11.95,11.25,-3.82,11.92,11.25,-3.85
HF,7aa_Vaa,16,1709,,,,0.026,11.40,11.44,-3.79,11.38,11.42,-3.81
HF,7aa_Vaa,16,1715,,,,0.031,11.52,11.44,-3.76,11.51,11.47,-3.76
HF,7aa_Vaa,16,1696,,,,0.037,11.37,11.19,-3.82,11.41,11.21,-3.82
HF,7aa_Vaa,16,1877,,,,0.038,11.08,11.01,-4.03,11.04,11.00,-4.07
HF,7aa_Vaa,16,1701,,,,0.062,11.66,11.47,-3.76,11.61,11.44,-3.75
HF,7aa_Vaa,16,1702,,,,0.004,11.55,11.46,-3.70,11.55,11.46,-3.76
HF,7aa_Vaa,16,1685,,,,0.064,11.26,11.37,-3.94,11.29,11.31,-3.96
HF,7aa_Vaa,16,1854,,,,0.027,11.28,11.24,-4.04,11.30,11.23,-4.03
HF,7aa_Vaa,16,1728,,,,0.043,11.42,11.10,-3.88,11.42,11.06,-3.90
HF,7aa_Vaa,16,1730,,,,0.024,11.40,11.17,-3.89,11.42,11.19,-3.92
HF,7aa_Vaa,16,1733,,,,0.038,11.90,11.19,-3.78,11.93,11.17,-3.78
HF,7aa_Vaa,16,2474,,,,0.021,11.57,10.69,-3.85,11.55,10.69,-3.91
HF,7aa_Vaa,16,1853,,,,0.031,11.48,11.14,-3.97,11.45,11.13,-3.99
HF,7aa_Vaa,16,1723,,,,0.031,11.93,11.16,-3.76,11.94,11.14,-3.77
HF,7aa_Vaa,16,1716,,,,0.023,11.96,11.05,-3.78,11.96,11.03,-3.78
HF,7aa_Vaa,16,1724,,,,0.039,11.40,11.13,-3.87,11.44,11.11,-3.88
HF,7aa_Vaa,16,1717,,,,0.020,11.53,11.46,-3.76,11.52,11.44,-3.81
HF,7aa_Vaa,16,2232,,,,0.052,11.07,10.50,-3.86,11.02,10.47,-3.87
HF,7aa_Vaa,16,2249,,,,0.026,11.33,10.15,-3.88,11.35,10.15,-3.88
HF,7aa_Vaa,16,2237,,,,0.045,11.23,10.55,-3.87,11.28,10.56,-3.86
HF,7aa_Vaa,16,2221,,,,0.043,11.34,10.10,-3.85,11.32,10.14,-3.86
HF,7aa_Vaa,16,2231,,,,0.090,11.00,10.45,-3.86,11.09,10.48,-3.87
HF,7aa_Vaa,16,2230,,,,0.027,11.07,10.43,-3.86,11.06,10.41,-3.90
HF,7aa_Vaa,16,2222,,,,0.084,11.38,10.43,-3.83,11.33,10.49,-3.84
HF,7aa_Vaa,16,2273,,,,0.040,11.63,10.25,-3.80,11.65,10.28,-3.81
HF,7aa_Vaa,16,2269,,,,0.034,11.69,10.09,-3.79,11.69,10.06,-3.80
HF,7aa_Vaa,16,2297,,,,0.056,11.28,10.65,-3.85,11.33,10.68,-3.86
HF,7aa_Vaa,16,2298,,,,0.026,11.05,10.53,-3.89,11.03,10.53,-3.92
HF,7aa_Vaa,16,2257,,,,0.062,11.30,10.42,-3.87,11.26,10.48,-3.88
HF,7aa_Vaa,16,2265,,,,0.059,11.70,10.42,-3.75,11.76,10.40,-3.75
HF,7aa_Vaa,16,2214,,,,0.032,11.48,10.23,-3.81,11.50,10.25,-3.81
HF,7aa_Vaa,16,2155,,,,0.042,11.77,10.69,-3.71,11.80,10.71,-3.75
HF,7aa_Vaa,16,2206,,,,0.035,11.44,10.21,-3.81,11.48,10.20,-3.82
HF,7aa_Vaa,16,2141,,,,0.027,11.13,10.70,-3.91,11.10,10.71,-3.91
HF,7aa_Vaa,16,2135,,,,0.038,11.46,10.66,-3.77,11.48,10.69,-3.80
HF,7aa_Vaa,16,2145,,,,0.037,11.02,10.59,-3.84,11.04,10.56,-3.90
HF,7aa_Vaa,16,2158,,,,0.025,11.94,10.64,-3.70,11.91,10.65,-3.73
HF,7aa_Vaa,16,2161,,,,0.034,11.81,10.79,-3.70,11.84,10.78,-3.70
HF,7aa_Vaa,16,2111,,,,0.067,11.53,10.23,-3.75,11.50,10.17,-3.79
HF,7aa_Vaa,16,2116,,,,0.050,11.58,10.25,-3.76,11.58,10.20,-3.77
HF,7aa_Vaa,16,2125,,,,0.060,11.56,10.23,-3.79,11.50,10.21,-3.81
HF,7aa_Vaa,16,2177,,,,0.040,11.60,10.47,-3.76,11.61,10.51,-3.76
HF,7aa_Vaa,16,2180,,,,0.040,11.78,10.88,-3.69,11.76,10.86,-3.70
HF,7aa_Vaa,16,2212,,,,0.046,11.47,10.24,-3.80,11.51,10.27,-3.80
HF,7aa_Vaa,16,2188,,,,0.037,11.89,10.90,-3.69,11.92,10.88,-3.70
HF,7aa_Vaa,16,2165,,,,0.022,11.56,10.69,-3.76,11.58,10.69,-3.77
HF,7aa_Vaa,16,2166,,,,0.040,11.80,10.63,-3.74,11.78,10.60,-3.76
HF,7aa_Vaa,16,2172,,,,0.059,11.85,10.81,-3.71,11.91,10.80,-3.70
HF,7aa_Vaa,16,2190,,,,0.079,11.84,10.86,-3.70,11.92,10.85,-3.69
HF,7aa_Vaa,16,2447,,,,0.050,11.59,10.65,-3.83,11.64,10.63,-3.82
HF,7aa_Vaa,16,2416,,,,0.042,11.03,10.22,-3.93,11.05,10.18,-3.95
HF,7aa_Vaa,16,2448,,,,0.038,11.54,10.72,-3.83,11.57,10.71,-3.84
HF,7aa_Vaa,16,2450,,,,0.101,11.96,10.82,-3.75,11.87,10.79,-3.81
HF,7aa_Vaa,16,2421,,,,0.037,11.16,10.93,-3.89,11.13,10.90,-3.91
HF,7aa_Vaa,16,2453,,,,0.068,11.71,10.54,-3.81,11.78,10.54,-3.81
HF,7aa_Vaa,16,2397,,,,0.065,11.22,10.42,-3.89,11.28,10.43,-3.89
HF,7aa_Vaa,16,2441,,,,0.036,11.04,10.94,-3.93,11.00,10.94,-3.96
HF,7aa_Vaa,16,2402,,,,0.054,11.12,10.31,-3.91,11.14,10.26,-3.92
HF,7aa_Vaa,16,2437,,,,0.031,11.15,10.88,-3.93,11.18,10.88,-3.92
HF,7aa_Vaa,16,2466,,,,0.030,11.77,10.79,-3.83,11.74,10.80,-3.84
HF,7aa_Vaa,16,2467,,,,0.060,12.00,10.96,-3.76,11.94,10.97,-3.78
HF,7aa_Vaa,16,2468,,,,0.042,11.81,10.94,-3.81,11.77,10.92,-3.82
HF,7aa_Vaa,16,2110,,,,0.019,11.59,10.31,-3.76,11.61,10.30,-3.79
HF,7aa_Vaa,16,2463,,,,0.045,11.48,10.69,-3.88,11.51,10.71,-3.87
HF,7aa_Vaa,16,1106,,,,0.036,10.97,10.73,-3.76,10.99,10.70,-3.79
HF,7aa_Vaa,16,2459,,,,0.049,11.81,10.93,-3.80,11.81,10.88,-3.84
HF,7aa_Vaa,16,2427,,,,0.043,11.45,10.65,-3.88,11.41,10.68,-3.89
HF,7aa_Vaa,16,2428,,,,0.060,11.25,10.83,-3.91,11.30,10.80,-3.91
HF,7aa_Vaa,16,2431,,,,0.098,11.13,10.68,-3.92,11.21,10.62,-3.92
HF,7aa_Vaa,16,1427,,,,0.038,11.88,11.19,-3.70,11.91,11.17,-3.71
HF,7aa_Vaa,16,1430,,,,0.030,11.98,11.28,-3.68,11.99,11.31,-3.71
HF,7aa_Vaa,16,2325,,,,0.045,11.56,10.68,-3.79,11.58,10.64,-3.81
HF,7aa_Vaa,16,2328,,,,0.051,11.70,10.71,-3.76,11.74,10.75,-3.76
HF,7aa_Vaa,16,1408,,,,0.045,11.95,11.02,-3.68,11.91,11.00,-3.69
HF,7aa_Vaa,16,2330,,,,0.033,11.67,10.55,-3.77,11.70,10.54,-3.81
HF,7aa_Vaa,16,1418,,,,0.048,11.89,11.18,-3.69,11.84,11.17,-3.70
HF,7aa_Vaa,16,2314,,,,0.034,11.76,10.95,-3.74,11.77,10.91,-3.77
HF,7aa_Vaa,16,2318,,,,0.052,11.85,10.75,-3.73,11.80,10.76,-3.76
HF,7aa_Vaa,16,2315,,,,0.024,11.77,10.76,-3.72,11.75,10.76,-3.77
HF,7aa_Vaa,16,2316,,,,0.039,11.94,10.82,-3.72,11.90,10.80,-3.76
HF,7aa_Vaa,16,2317,,,,0.034,11.76,10.52,-3.76,11.79,10.52,-3.76
HF,7aa_Vaa,16,2361,,,,0.042,11.77,10.92,-3.77,11.74,10.89,-3.79
HF,7aa_Vaa,16,2348,,,,0.033,11.63,10.65,-3.79,11.66,10.66,-3.79
HF,7aa_Vaa,16,2359,,,,0.033,11.69,10.57,-3.81,11.66,10.55,-3.82
HF,7aa_Vaa,16,2331,,,,0.036,11.87,10.55,-3.74,11.84,10.54,-3.75
HF,7aa_Vaa,16,2335,,,,0.027,11.86,10.88,-3.74,11.89,10.88,-3.77
HF,7aa_Vaa,16,2370,,,,0.043,11.92,10.70,-3.77,11.88,10.71,-3.78
HF,7aa_Vaa,16,2371,,,,0.064,11.97,10.66,-3.77,12.03,10.66,-3.79
HF,7aa_Vaa,16,2337,,,,0.055,11.79,10.97,-3.73,11.76,10.92,-3.79
HF,7aa_Vaa,16,2340,,,,0.045,12.00,10.73,-3.74,11.97,10.75,-3.75
HF,7aa_Vaa,16,3323,,,,0.043,10.67,9.88,-4.02,10.63,9.90,-4.03
HF,7aa_Vaa,16,3326,,,,0.076,10.54,9.88,-4.06,10.61,9.85,-4.04
HF,7aa_Vaa,16,3318,,,,0.030,10.76,9.87,-3.99,10.74,9.89,-4.00
HF,7aa_Vaa,16,3324,,,,0.051,10.65,9.82,-4.02,10.70,9.83,-4.02
HF,7aa_Vaa,16,3321,,,,0.052,10.71,9.90,-4.01,10.66,9.93,-4.02
HF,7aa_Vaa,,2133,,,,0.057,12.76,11.03,-3.50,12.81,10.99,-3.52
HF,7aa_Vaa,,2091,,,,0.038,12.92,10.99,-3.48,12.89,11.01,-3.48
HF,7aa_Vaa,,1929,,,,0.033,11.45,10.54,-3.75,11.44,10.51,-3.77
HF,7aa_Vaa,,1930,,,,0.048,11.43,10.53,-3.76,11.39,10.55,-3.77
HF,7aa_Vaa,,1935,,,,0.033,11.37,10.60,-3.79,11.33,10.60,-3.80
HF,7aa_Vaa,,2071,,,,0.089,12.76,10.99,-3.51,12.71,10.93,-3.51
HF,7aa_Vaa,,2076,,,,0.051,12.62,11.00,-3.55,12.57,10.99,-3.56
HF,7aa_Vaa,,242,,,,0.027,15.10,10.64,-2.82,15.08,10.66,-2.84
HF,7aa_Vaa,,251,,,,0.046,15.11,10.70,-2.90,15.07,10.67,-2.92
HF,7aa_Vaa,,1937,,,,0.041,11.65,10.52,-3.73,11.61,10.49,-3.74
HF,7aa_Vaa,,1953,,,,0.137,11.32,10.27,-3.74,11.26,10.14,-3.81
HF,7aa_Vaa,,1958,,,,0.047,11.13,10.21,-3.82,11.11,10.25,-3.83
HF,7aa_Vaa,,2014,,,,0.037,11.24,10.13,-3.82,11.21,10.10,-3.84
HF,7aa_Vaa,,1224,,,,0.037,11.85,11.39,-3.55,11.88,11.38,-3.56
HF,7aa_Vaa,,1255,,,,0.030,11.85,11.41,-3.58,11.86,11.38,-3.59
HF,7aa_Vaa,,1228,,,,0.023,11.82,11.41,-3.56,11.83,11.39,-3.57
HF,7aa_Vaa,,2042,,,,0.024,11.54,10.04,-3.78,11.53,10.02,-3.80
HF,7aa_Vaa,,1257,,,,0.029,11.78,11.41,-3.59,11.79,11.38,-3.60
HF,7aa_Vaa,,2046,,,,0.033,11.73,10.07,-3.75,11.76,10.09,-3.75
HF,7aa_Vaa,,2049,,,,0.037,11.89,10.29,-3.72,11.87,10.26,-3.73
HF,7aa_Vaa,,1241,,,,0.013,11.88,11.50,-3.54,11.87,11.49,-3.58
HF,7aa_Vaa,,1249,,,,0.012,11.77,11.38,-3.56,11.78,11.38,-3.59
HF,7aa_Vaa,,2057,,,,0.034,11.96,10.21,-3.76,11.92,10.20,-3.76
HF,7aa_Vaa,,1248,,,,0.008,11.80,11.29,-3.59,11.80,11.28,-3.61
HF,7aa_Vaa,,1242,,,,0.054,11.85,11.44,-3.58,11.90,11.42,-3.57
HF,7aa_Vaa,,1277,,,,0.034,11.57,11.61,-3.62,11.61,11.61,-3.63
HF,7aa_Vaa,,1278,,,,0.065,11.51,11.62,-3.64,11.57,11.61,-3.63
HF,7aa_Vaa,,1240,,,,0.033,11.79,11.32,-3.59,11.82,11.30,-3.60
HF,7aa_Vaa,,1263,,,,0.023,11.71,11.46,-3.61,11.74,11.46,-3.60
HF,7aa_Vaa,,2095,,,,0.035,12.13,10.37,-3.63,12.15,10.33,-3.67
HF,7aa_Vaa,,1214,,,,0.039,11.87,11.50,-3.61,11.83,11.49,-3.61
HF,7aa_Vaa,,1236,,,,0.036,11.80,11.35,-3.57,11.80,11.31,-3.58
HF,7aa_Vaa,,2020,,,,0.040,11.40,10.05,-3.81,11.38,10.02,-3.82
HF,7aa_Vaa,,2021,,,,0.034,11.39,10.10,-3.80,11.39,10.07,-3.81
HF,7aa_Vaa,,2023,,,,0.042,11.45,10.09,-3.79,11.47,10.06,-3.80
HF,7aa_Vaa,,2026,,,,0.039,11.40,10.15,-3.80,11.43,10.14,-3.80
HF,7aa_Vaa,,1204,,,,0.036,11.40,11.86,-3.76,11.37,11.88,-3.76
HF,7aa_Vaa,,1264,,,,0.066,14.61,9.87,-3.57,14.60,9.94,-3.59
HF,7aa_Vaa,,1859,,,,0.032,12.62,10.94,-3.49,12.65,10.93,-3.50
HF,7aa_Vaa,,1878,,,,0.022,12.62,10.38,-3.50,12.61,10.39,-3.50
HF,7aa_Vaa,,1881,,,,0.036,12.55,10.44,-3.51,12.53,10.48,-3.52
HF,7aa_Vaa,,1945,,,,0.018,12.08,11.20,-3.55,12.08,11.18,-3.53
HF,7aa_Vaa,,1860,,,,0.029,12.63,10.98,-3.49,12.64,10.96,-3.49
HF,7aa_Vaa,,1861,,,,0.045,12.55,10.78,-3.53,12.59,10.78,-3.52
HF,7aa_Vaa,,1956,,,,0.058,12.41,11.05,-3.52,12.38,11.10,-3.57
HF,7aa_Vaa,,425,,,,0.044,11.99,11.36,-3.52,12.03,11.34,-3.53
HF,7aa_Vaa,,1870,,,,0.024,12.82,10.36,-3.47,12.80,10.37,-3.47
HF,7aa_Vaa,,1947,,,,0.024,12.10,11.25,-3.54,12.08,11.24,-3.54
HF,7aa_Vaa,,1866,,,,0.079,12.41,10.29,-3.52,12.47,10.24,-3.54
HF,7aa_Vaa,,1868,,,,0.035,12.88,10.25,-3.46,12.90,10.28,-3.46
HF,7aa_Vaa,,2225,,,,0.036,12.73,11.18,-3.59,12.69,11.17,-3.59
HF,7aa_Vaa,,1871,,,,0.056,12.68,10.31,-3.48,12.65,10.35,-3.49
HF,7aa_Vaa,,1873,,,,0.022,12.55,10.45,-3.49,12.57,10.43,-3.49
HF,7aa_Vaa,,1950,,,,0.037,12.43,11.05,-3.51,12.46,11.02,-3.49
HF,7aa_Vaa,,1961,,,,0.004,12.11,11.32,-3.59,12.11,11.31,-3.60
HF,7aa_Vaa,,1959,,,,0.043,12.34,11.37,-3.60,12.30,11.35,-3.60
HF,7aa_Vaa,,1962,,,,0.109,12.48,11.04,-3.56,12.37,11.02,-3.59
HF,7aa_Vaa,,1888,,,,0.044,12.29,10.32,-3.57,12.27,10.28,-3.59
HF,7aa_Vaa,,1754,,,,0.058,11.22,10.17,-3.75,11.21,10.12,-3.80
HF,7aa_Vaa,,2070,,,,0.061,12.92,10.94,-3.46,12.87,10.97,-3.47
HF,7aa_Vaa,,1761,,,,0.020,11.80,10.30,-3.70,11.81,10.28,-3.70
HF,7aa_Vaa,,1758,,,,0.049,11.09,10.26,-3.79,11.12,10.21,-3.80
HF,7aa_Vaa,,1781,,,,0.156,11.53,10.19,-3.73,11.50,10.03,-3.75
HF,7aa_Vaa,,2372,,,,0.009,12.02,11.10,-3.61,12.02,11.09,-3.63
HF,7aa_Vaa,,2063,,,,0.053,12.89,10.35,-3.51,12.85,10.38,-3.53
HF,7aa_Vaa,,2373,,,,0.034,11.98,11.11,-3.65,12.01,11.09,-3.65
HF,7aa_Vaa,,2049,,,,0.306,12.79,10.26,-3.51,12.49,10.23,-3.54
HF,7aa_Vaa,,2060,,,,0.186,12.99,10.94,-3.45,12.81,10.90,-3.50
HF,7aa_Vaa,,1583,,,,0.032,11.94,11.23,-3.77,11.95,11.26,-3.75
HF,7aa_Vaa,,1643,,,,0.042,11.36,11.63,-3.84,11.36,11.67,-3.85
HF,7aa_Vaa,,1585,,,,0.039,11.93,11.45,-3.72,11.89,11.45,-3.74
HF,7aa_Vaa,,1644,,,,0.078,11.52,11.64,-3.80,11.45,11.60,-3.80
HF,7aa_Vaa,,1599,,,,0.049,11.55,11.63,-3.79,11.59,11.65,-3.79
HF,7aa_Vaa,,1597,,,,0.039,11.83,11.55,-3.76,11.80,11.58,-3.76
HF,7aa_Vaa,,1537,,,,0.050,11.74,11.59,-3.73,11.77,11.55,-3.74
HF,7aa_Vaa,,1777,,,,0.025,11.89,11.34,-3.78,11.87,11.35,-3.78
HF,7aa_Vaa,,1782,,,,0.014,11.92,11.33,-3.77,11.91,11.35,-3.80
HF,7aa_Vaa,,1658,,,,0.051,11.22,11.65,-3.86,11.17,11.65,-3.93
HF,7aa_Vaa,,1660,,,,0.030,11.04,11.75,-3.88,11.04,11.72,-3.90
HF,7aa_Vaa,,1661,,,,0.046,11.06,11.65,-3.91,11.01,11.63,-3.94
HF,7aa_Vaa,,1680,,,,0.030,11.80,11.24,-3.77,11.83,11.24,-3.77
HF,7aa_Vaa,,1681,,,,0.144,11.80,11.37,-3.77,11.66,11.40,-3.79
HF,7aa_Vaa,,1357,,,,0.032,11.82,11.27,-3.65,11.85,11.29,-3.65
HF,7aa_Vaa,,1364,,,,0.032,11.89,11.22,-3.68,11.89,11.18,-3.68
HF,7aa_Vaa,,2288,,,,0.090,11.77,10.29,-3.76,11.84,10.23,-3.76
HF,7aa_Vaa,,2292,,,,0.027,11.78,10.21,-3.80,11.80,10.23,-3.79
HF,7aa_Vaa,,2259,,,,0.036,11.14,10.18,-3.90,11.14,10.21,-3.91
HF,7aa_Vaa,,1369,,,,0.063,11.50,11.53,-3.68,11.56,11.54,-3.69
HF,7aa_Vaa,,2261,,,,0.016,11.00,10.17,-3.89,11.01,10.18,-3.91
HF,7aa_Vaa,,1371,,,,0.043,11.60,11.60,-3.68,11.62,11.56,-3.69
HF,7aa_Vaa,,1380,,,,0.026,11.65,11.55,-3.69,11.62,11.55,-3.70
HF,7aa_Vaa,,1299,,,,0.001,11.86,11.23,-3.62,11.86,11.23,-3.62
HF,7aa_Vaa,,1316,,,,0.027,11.80,11.54,-3.60,11.78,11.53,-3.63
HF,7aa_Vaa,,1326,,,,0.067,11.55,11.56,-3.65,11.62,11.57,-3.66
HF,7aa_Vaa,,1302,,,,0.014,11.71,11.48,-3.60,11.72,11.47,-3.61
HF,7aa_Vaa,,1305,,,,0.035,11.94,11.33,-3.74,11.98,11.31,-3.65
HF,7aa_Vaa,,1303,,,,0.058,11.84,11.42,-3.62,11.87,11.37,-3.63
HF,7aa_Vaa,,1472,,,,0.037,11.96,11.14,-3.73,11.92,11.15,-3.74
HF,7aa_Vaa,,1488,,,,0.030,11.91,11.50,-3.71,11.91,11.47,-3.72
HF,7aa_Vaa,,1525,,,,0.024,11.98,11.17,-3.74,12.00,11.16,-3.78
HF,7aa_Vaa,,2389,,,,0.034,11.22,10.17,-3.90,11.22,10.14,-3.91
HF,7aa_Vaa,,1462,,,,0.029,11.98,11.00,-3.76,12.00,11.03,-3.78
HF,7aa_Vaa,,2388,,,,0.120,11.13,10.21,-3.90,11.20,10.11,-3.90
HF,7aa_Vaa,,1436,,,,0.033,11.68,11.45,-3.66,11.69,11.41,-3.68
HF,7aa_Vaa,,1863,,,,0.036,12.65,11.29,-3.41,12.61,11.29,-3.42
HF,7aa_Vaa,,1678,,,,0.022,12.78,10.36,-3.39,12.79,10.38,-3.40
HF,7aa_Vaa,,1662,,,,0.025,12.72,10.22,-3.42,12.71,10.24,-3.42
HF,7aa_Vaa,,1663,,,,0.035,12.15,10.66,-3.52,12.19,10.66,-3.52
HF,7aa_Vaa,,1674,,,,0.060,12.20,10.66,-3.52,12.14,10.65,-3.53
HF,7aa_Vaa,,1682,,,,0.090,12.73,10.20,-3.43,12.76,10.12,-3.47
HF,7aa_Vaa,,1685,,,,0.042,12.37,10.82,-3.56,12.41,10.84,-3.57
HF,7aa_Vaa,,1412,,,,0.046,13.39,10.81,-3.48,13.36,10.77,-3.48
HF,7aa_Vaa,,1814,,,,0.036,12.83,10.99,-3.42,12.82,10.96,-3.43
HF,7aa_Vaa,,806,,,,0.059,13.31,11.04,-3.29,13.29,11.10,-3.34
HF,7aa_Vaa,,807,,,,0.046,13.04,11.11,-3.35,13.09,11.12,-3.36
HF,7aa_Vaa,,1862,,,,0.033,12.74,11.06,-3.36,12.77,11.07,-3.36
HF,7aa_Vaa,,808,,,,0.038,13.57,11.00,-3.38,13.61,11.00,-3.38
HF,7aa_Vaa,,1619,,,,0.046,12.14,10.47,-3.50,12.19,10.47,-3.50
HF,7aa_Vaa,,1854,,,,0.066,12.77,11.25,-3.27,12.83,11.25,-3.26
HF,7aa_Vaa,,1659,,,,0.053,12.19,10.53,-3.52,12.25,10.53,-3.51
HF,7aa_Vaa,,1653,,,,0.030,12.80,10.21,-3.40,12.82,10.18,-3.41
HF,7aa_Vaa,,1723,,,,0.066,12.76,10.94,-3.35,12.77,10.87,-3.36
HF,7aa_Vaa,,1652,,,,0.049,12.77,10.31,-3.37,12.80,10.28,-3.39
HF,7aa_Vaa,,1744,,,,0.049,12.78,10.52,-3.41,12.83,10.52,-3.41
HF,7aa_Vaa,,1887,,,,0.045,12.90,11.13,-3.36,12.86,11.14,-3.38
HF,7aa_Vaa,,1913,,,,0.040,12.21,11.23,-3.54,12.25,11.23,-3.52
HF,7aa_Vaa,,1813,,,,0.033,12.91,10.94,-3.40,12.94,10.93,-3.40
HF,7aa_Vaa,,1691,,,,0.069,12.32,10.66,-3.51,12.39,10.64,-3.49
HF,7aa_Vaa,,1665,,,,0.033,12.72,10.26,-3.41,12.74,10.23,-3.42
HF,7aa_Vaa,,1668,,,,0.032,12.66,10.48,-3.40,12.69,10.45,-3.42
HF,7aa_Vaa,,1671,,,,0.038,12.46,10.55,-3.47,12.42,10.57,-3.48
HF,7aa_Vaa,,1672,,,,0.041,12.20,10.53,-3.52,12.24,10.54,-3.53
HF,7aa_Vaa,,1673,,,,0.034,12.16,10.61,-3.51,12.13,10.59,-3.53
HF,7aa_Vaa,,1722,,,,0.036,12.75,10.98,-3.32,12.74,10.94,-3.35
HF,7aa_Vaa,,1701,,,,0.031,12.83,10.47,-3.39,12.85,10.44,-3.40
HF,7aa_Vaa,,1704,,,,0.023,12.20,10.67,-3.55,12.23,10.66,-3.55
HF,7aa_Vaa,,1706,,,,0.032,12.17,10.90,-3.58,12.17,10.86,-3.58
HF,7aa_Vaa,,1709,,,,0.036,12.34,10.99,-3.53,12.31,10.97,-3.56
HF,7aa_Vaa,,1362,,,,0.034,13.12,10.24,-3.49,13.11,10.21,-3.49
HF,7aa_Vaa,,436,,,,0.045,14.74,11.05,-3.13,14.70,11.02,-3.15
HF,7aa_Vaa,,1371,,,,0.031,13.15,11.00,-3.50,13.12,11.00,-3.50
HF,7aa_Vaa,,429,,,,0.038,14.11,11.15,-3.17,14.10,11.19,-3.17
HF,7aa_Vaa,,1361,,,,0.033,13.26,10.15,-3.50,13.24,10.12,-3.52
HF,7aa_Vaa,,1645,,,,0.032,12.92,10.31,-3.37,12.95,10.31,-3.39
HF,7aa_Vaa,,1387,,,,0.049,14.00,10.29,-3.37,13.96,10.31,-3.40
HF,7aa_Vaa,,1642,,,,0.056,12.33,10.44,-3.46,12.38,10.44,-3.50
HF,7aa_Vaa,,1628,,,,0.030,12.80,10.96,-3.29,12.79,10.93,-3.32
HF,7aa_Vaa,,1630,,,,0.021,12.43,10.42,-3.48,12.45,10.42,-3.48
HF,7aa_Vaa,,1631,,,,0.042,12.32,10.44,-3.50,12.35,10.43,-3.49
HF,7aa_Vaa,,1638,,,,0.033,12.88,10.82,-3.31,12.85,10.80,-3.36
HF,7aa_Vaa,,795,,,,0.094,13.53,11.03,-3.29,13.43,11.05,-3.30
HF,7aa_Vaa,,3306,,,,0.054,10.43,9.51,-4.00,10.40,9.55,-4.01
HF,7aa_Vaa,,1827,,,,0.025,12.94,10.99,-3.40,12.93,10.97,-3.42
HF,7aa_Vaa,,1826,,,,0.043,12.97,11.00,-3.39,12.95,10.96,-3.40
HF,7aa_Vaa,,1758,,,,0.035,12.92,10.71,-3.37,12.95,10.69,-3.38
HF,7aa_Vaa,,1805,,,,0.070,12.60,10.82,-3.42,12.67,10.80,-3.42
HF,7aa_Vaa,,1734,,,,0.044,12.93,10.29,-3.40,12.89,10.32,-3.40
HF,7aa_Vaa,,1752,,,,0.041,12.79,10.53,-3.43,12.83,10.51,-3.43
HF,7aa_Vaa,,1900,,,,0.036,12.56,11.21,-3.43,12.52,11.22,-3.45
HF,7aa_Vaa,,1903,,,,0.048,12.60,11.13,-3.44,12.65,11.12,-3.44
HF,7aa_Vaa,,1838,,,,0.032,12.96,10.97,-3.41,12.93,10.99,-3.42
HF,7aa_Vaa,,1829,,,,0.054,12.63,10.86,-3.46,12.61,10.91,-3.46
HF,7aa_Vaa,,1753,,,,0.027,12.88,10.71,-3.37,12.91,10.70,-3.38
HF,7aa_Vaa,,1796,,,,0.066,12.43,10.48,-3.48,12.37,10.47,-3.51
HF,7aa_Vaa,,1795,,,,0.046,12.86,10.97,-3.39,12.81,10.98,-3.40
HF,7aa_Vaa,,1794,,,,0.029,12.89,10.98,-3.38,12.87,11.00,-3.40
HF,7aa_Vaa,,1929,,,,0.055,12.56,11.17,-3.48,12.53,11.13,-3.49
HF,7aa_Vaa,,1886,,,,0.021,12.78,11.01,-3.36,12.80,11.01,-3.37
HF,7aa_Vaa,,1898,,,,0.066,12.80,11.11,-3.38,12.74,11.14,-3.40
HF,7aa_Vaa,,1912,,,,0.053,12.28,11.13,-3.48,12.27,11.08,-3.47
HF,7aa_Vaa,,1754,,,,0.043,12.88,10.97,-3.33,12.84,10.98,-3.35
HF,7aa_Vaa,,1882,,,,0.035,12.38,11.69,-3.54,12.41,11.67,-3.52
HF,7aa_Vaa,,1759,,,,0.026,12.73,10.62,-3.40,12.71,10.62,-3.41
HF,7aa_Vaa,,1746,,,,0.019,12.80,10.83,-3.36,12.81,10.81,-3.36
HF,7aa_Vaa,,1899,,,,0.039,12.81,11.18,-3.40,12.80,11.22,-3.42
HF,7aa_Vaa,,1729,,,,0.067,12.71,10.96,-3.35,12.73,10.89,-3.38
HF,7aa_Vaa,,1918,,,,0.030,12.78,11.01,-3.42,12.81,11.02,-3.42
HF,7aa_Vaa,,1804,,,,0.037,12.69,10.80,-3.42,12.66,10.82,-3.43
HF,7aa_Vaa,,1877,,,,0.056,12.59,11.66,-3.42,12.65,11.66,-3.48
HF,7aa_Vaa,,3309,,,,0.042,10.56,9.60,-3.99,10.53,9.63,-4.00
HF,7aa_Vaa,,1785,,,,0.020,12.91,10.75,-3.40,12.89,10.75,-3.41
HF,7aa_Vaa,,1784,,,,0.029,12.77,10.95,-3.38,12.80,10.95,-3.38
HF,7aa_Vaa,,1781,,,,0.021,12.80,10.88,-3.39,12.78,10.88,-3.39
HF,7aa_Vaa,,1801,,,,0.036,12.78,10.55,-3.45,12.76,10.58,-3.45
HF,7aa_Vaa,,1745,,,,0.038,12.84,10.54,-3.41,12.80,10.55,-3.43
HF,7aa_Vaa,,1780,,,,0.036,12.76,10.52,-3.46,12.72,10.52,-3.45
HF,7aa_Vaa,,1935,,,,0.057,12.49,11.20,-3.46,12.55,11.19,-3.51
HF,7aa_Vaa,,2003,,,,0.032,12.02,10.57,-3.71,11.98,10.57,-3.72
HF,14_XI,1,3556,,,,0.055,13.84,10.49,-5.05,13.84,10.55,-5.04
HF,14_XI,1,3826,,,,0.051,12.51,10.36,-5.28,12.54,10.33,-5.27
HF,14_XI,1,3749,,,,0.054,12.23,10.55,-5.27,12.18,10.55,-5.28
HF,14_XI,1,3442,,,,0.032,13.88,10.50,-5.00,13.87,10.53,-5.00
HF,14_XI,1,3389,,,,0.030,13.64,10.21,-4.96,13.61,10.22,-4.96
HF,14_XI,1,3358,,,,0.044,13.43,10.22,-4.99,13.38,10.23,-4.99
HF,14_XI,1,3214,,,,0.054,13.66,10.59,-5.02,13.66,10.54,-5.02
HF,14_XI,1,3411,,,,0.045,13.92,10.20,-4.94,13.91,10.25,-4.94
HF,14_XI,1,3369,,,,0.024,13.48,10.45,-5.04,13.50,10.43,-5.04
HF,14_XI,1,3205,,,,0.030,13.65,10.47,-5.00,13.62,10.49,-5.01
HF,14_XI,1,3375,,,,0.032,13.52,10.44,-5.03,13.55,10.45,-5.03
HF,14_XI,1,3875,,,,0.035,12.70,10.46,-5.19,12.68,10.43,-5.20
HF,14_XI,1,3211,,,,0.043,13.60,10.55,-5.02,13.58,10.59,-5.03
HF,14_XI,1,3381,,,,0.042,13.50,10.05,-4.95,13.54,10.04,-4.95
HF,14_XI,1,3463,,,,0.064,13.23,10.07,-5.04,13.18,10.04,-5.01
HF,14_XI,1,3362,,,,0.022,13.40,10.05,-4.94,13.41,10.03,-4.94
HF,14_XI,1,3154,,,,0.040,13.13,10.26,-5.02,13.14,10.30,-5.01
HF,14_XI,1,3150,,,,0.070,13.02,10.19,-5.02,13.04,10.25,-5.04
HF,14_XI,1,3399,,,,0.033,13.71,10.43,-4.99,13.68,10.44,-5.00
HF,14_XI,1,3547,,,,0.062,13.97,10.38,-4.99,14.02,10.41,-4.98
HF,14_XI,1,2511,,,,0.061,13.97,10.11,-4.96,14.00,10.06,-4.96
HF,14_XI,1,3529,,,,0.045,13.85,10.34,-4.99,13.89,10.36,-4.98
HF,14_XI,1,3656,,,,0.075,13.72,10.29,-5.06,13.77,10.34,-5.06
HF,14_XI,1,3672,,,,0.073,13.50,10.35,-5.03,13.56,10.32,-5.06
HF,14_XI,1,3676,,,,0.077,13.58,10.17,-5.02,13.51,10.17,-5.03
HF,14_XI,1,3160,,,,0.031,13.15,10.08,-4.95,13.15,10.12,-4.95
HF,14_XI,1,3172,,,,0.037,13.29,10.28,-4.98,13.33,10.28,-4.98
HF,14_XI,1,3184,,,,0.036,13.47,10.35,-4.97,13.49,10.32,-4.96
HF,14_XI,1,3119,,,,0.056,13.56,10.46,-4.98,13.54,10.51,-5.01
HF,14_XI,1,3173,,,,0.046,13.30,10.31,-5.00,13.32,10.36,-5.01
HF,14_XI,1,3603,,,,0.060,13.76,10.22,-5.00,13.71,10.26,-5.01
HF,14_XI,1,3155,,,,0.031,13.11,10.20,-4.99,13.13,10.18,-4.98
HF,14_XI,1,3157,,,,0.042,13.22,10.34,-5.01,13.18,10.35,-5.02
HF,14_XI,1,3038,,,,0.041,13.31,10.82,-5.03,13.27,10.83,-5.05
HF,14_XI,1,3159,,,,0.057,13.16,10.31,-5.00,13.20,10.28,-4.99
HF,14_XI,1,3221,,,,0.033,13.81,10.50,-4.98,13.81,10.53,-4.99
HF,14_XI,1,3121,,,,0.069,13.66,10.49,-4.97,13.66,10.56,-4.99
HF,14_XI,1,3120,,,,0.051,13.61,10.47,-4.98,13.63,10.52,-5.00
HF,14_XI,1,3198,,,,0.043,13.51,10.48,-5.02,13.50,10.52,-5.00
HF,14_XI,1,3218,,,,0.047,13.87,10.65,-4.99,13.90,10.62,-4.98
HF,14_XI,1,3563,,,,0.047,13.56,10.43,-5.06,13.57,10.47,-5.05
HF,14_XI,,2998,,,,0.058,13.91,10.50,-4.89,13.87,10.46,-4.88
HF,14_XI,,3054,,,,0.061,13.64,10.45,-4.93,13.58,10.48,-4.94
HF,14_XI,,3237,,,,0.052,13.91,10.55,-4.98,13.94,10.52,-4.96
HF,14_XI,,3480,,,,0.047,12.58,10.79,-5.13,12.55,10.83,-5.15
HF,14_XI,,3674,,,,0.020,12.70,10.16,-5.09,12.69,10.17,-5.12
HF,14_XI,,3310,,,,0.105,12.41,11.11,-5.22,12.31,11.10,-5.26
HF,14_XI,,3459,,,,0.069,13.04,10.45,-4.91,12.99,10.49,-4.91
HF,14_XI,,3234,,,,0.049,13.98,10.84,-5.04,13.93,10.86,-5.06
HF,14_XI,,3600,,,,0.018,12.57,10.13,-5.12,12.59,10.14,-5.13
HF,14_XI,,3273,,,,0.024,13.71,10.37,-4.95,13.70,10.39,-4.96
HF,14_XI,,2987,,,,0.049,13.73,10.30,-4.85,13.69,10.32,-4.85
HF,14_XI,,3236,,,,0.033,13.98,10.67,-4.99,13.95,10.68,-4.99
HF,14_XI,,3276,,,,0.028,13.60,10.43,-4.97,13.63,10.43,-4.95
HF,14_XI,,3253,,,,0.038,13.97,10.15,-4.90,14.00,10.18,-4.91
HF,14_XI,,3241,,,,0.035,13.97,10.42,-4.93,13.96,10.45,-4.94
HF,14_XI,,2967,,,,0.054,13.14,10.64,-5.02,13.09,10.61,-5.03
HF,14_XI,,3258,,,,0.043,13.85,10.14,-4.89,13.89,10.11,-4.89
HF,14_XI,,3553,,,,0.044,12.03,10.66,-5.25,12.07,10.69,-5.28
HF,14_XI,,3513,,,,0.087,12.34,10.91,-5.22,12.30,10.98,-5.24
HF,14_XI,,3285,,,,0.050,13.42,10.20,-4.95,13.47,10.23,-4.94
HF,14_XI,,3046,,,,0.061,13.33,10.30,-4.94,13.28,10.33,-4.96
HF,14_XI,,3554,,,,0.050,12.06,10.80,-5.29,12.06,10.85,-5.31
